Ticker,Date,Close,Close_D3,Pct_Change,Label
AAPL,2025-07-01,207.19,209.31,1.0249,UP
AAPL,2025-07-02,211.8,209.37,-1.1439,DOWN
AAPL,2025-07-03,212.9,210.5,-1.1285,DOWN
AAPL,2025-07-07,209.31,211.77,1.1717,UP
AAPL,2025-07-08,209.37,210.52,0.5476,NEUTRAL
AAPL,2025-07-09,210.5,207.99,-1.1935,DOWN
AAPL,2025-07-10,211.77,208.48,-1.5536,DOWN
AAPL,2025-07-11,210.52,209.52,-0.4736,NEUTRAL
AAPL,2025-07-14,207.99,209.38,0.6711,NEUTRAL
AAPL,2025-07-15,208.48,210.54,0.9899,NEUTRAL
AAPL,2025-07-16,209.52,211.84,1.1039,UP
AAPL,2025-07-17,209.38,213.75,2.0855,UP
AAPL,2025-07-18,210.54,213.5,1.4064,UP
AAPL,2025-07-21,211.84,213.11,0.6024,NEUTRAL
AAPL,2025-07-22,213.75,213.23,-0.2425,NEUTRAL
AAPL,2025-07-23,213.5,213.4,-0.0467,NEUTRAL
AAPL,2025-07-24,213.11,210.63,-1.1649,DOWN
AAPL,2025-07-25,213.23,208.42,-2.2583,DOWN
AAPL,2025-07-28,213.4,206.94,-3.0273,DOWN
AAPL,2025-07-29,210.63,201.77,-4.2079,DOWN
AAPL,2025-07-30,208.42,202.73,-2.7266,DOWN
AAPL,2025-07-31,206.94,202.3,-2.2402,DOWN
AAPL,2025-08-01,201.77,212.6,5.3711,UP
AAPL,2025-08-04,202.73,219.36,8.2026,UP
AAPL,2025-08-05,202.3,228.65,13.0248,UP
AAPL,2025-08-06,212.6,226.75,6.6531,UP
AAPL,2025-08-07,219.36,229.21,4.4906,UP
AAPL,2025-08-08,228.65,232.89,1.8508,UP
AAPL,2025-08-11,226.75,232.34,2.465,UP
AAPL,2025-08-12,229.21,231.15,0.8448,NEUTRAL
AAPL,2025-08-13,232.89,230.45,-1.0457,DOWN
AAPL,2025-08-14,232.34,230.12,-0.9537,NEUTRAL
AAPL,2025-08-15,231.15,225.58,-2.4094,DOWN
AAPL,2025-08-18,230.45,224.47,-2.5943,DOWN
AAPL,2025-08-19,230.12,227.33,-1.2144,DOWN
AAPL,2025-08-20,225.58,226.73,0.5088,NEUTRAL
AAPL,2025-08-21,224.47,228.87,1.9609,UP
AAPL,2025-08-22,227.33,230.05,1.1986,UP
AAPL,2025-08-25,226.73,232.12,2.3772,UP
AAPL,2025-08-26,228.87,231.7,1.2341,UP
AAPL,2025-08-27,230.05,229.28,-0.3341,NEUTRAL
AAPL,2025-08-28,232.12,238.02,2.5413,UP
AAPL,2025-08-29,231.7,239.32,3.2911,UP
AAPL,2025-09-02,229.28,239.23,4.3401,UP
AAPL,2025-09-03,238.02,237.43,-0.2474,NEUTRAL
AAPL,2025-09-04,239.32,233.9,-2.2646,DOWN
AAPL,2025-09-05,239.23,226.36,-5.382,DOWN
AAPL,2025-09-08,237.43,229.59,-3.3,DOWN
AAPL,2025-09-09,233.9,233.62,-0.1195,NEUTRAL
AAPL,2025-09-10,226.36,236.25,4.3697,UP
AAPL,2025-09-11,229.59,237.7,3.53,UP
AAPL,2025-09-12,233.62,238.54,2.1019,UP
AAPL,2025-09-15,236.25,237.43,0.4985,NEUTRAL
AAPL,2025-09-16,237.7,245.03,3.0863,UP
AAPL,2025-09-17,238.54,255.59,7.1509,UP
AAPL,2025-09-18,237.43,253.95,6.9573,UP
AAPL,2025-09-19,245.03,251.83,2.7739,UP
AAPL,2025-09-22,255.59,256.38,0.3085,NEUTRAL
AAPL,2025-09-23,253.95,254.97,0.4048,NEUTRAL
AAPL,2025-09-24,251.83,253.95,0.8402,NEUTRAL
AAPL,2025-09-25,256.38,254.15,-0.872,NEUTRAL
AAPL,2025-09-26,254.97,254.96,-0.0039,NEUTRAL
AAPL,2025-09-29,253.95,256.64,1.0612,UP
AAPL,2025-09-30,254.15,257.53,1.3313,UP
AAPL,2025-10-01,254.96,256.2,0.4854,NEUTRAL
AAPL,2025-10-02,256.64,255.99,-0.2528,NEUTRAL
AAPL,2025-10-03,257.53,257.57,0.0155,NEUTRAL
AAPL,2025-10-06,256.2,253.56,-1.0324,DOWN
AAPL,2025-10-07,255.99,244.8,-4.3707,DOWN
AAPL,2025-10-08,257.57,247.19,-4.0301,DOWN
AAPL,2025-10-09,253.56,247.3,-2.4681,DOWN
AAPL,2025-10-10,244.8,248.87,1.6594,UP
AAPL,2025-10-13,247.19,246.98,-0.0848,NEUTRAL
AAPL,2025-10-14,247.3,251.81,1.8243,UP
AAPL,2025-10-15,248.87,261.74,5.1737,UP
AAPL,2025-10-16,246.98,262.27,6.1911,UP
AAPL,2025-10-17,251.81,257.96,2.4416,UP
AAPL,2025-10-20,261.74,259.09,-1.0143,DOWN
AAPL,2025-10-21,262.27,262.32,0.019,NEUTRAL
AAPL,2025-10-22,257.96,268.3,4.0085,UP
AAPL,2025-10-23,259.09,268.49,3.6289,UP
AAPL,2025-10-24,262.32,269.19,2.6177,UP
AAPL,2025-10-27,268.3,270.88,0.9635,NEUTRAL
AAPL,2025-10-28,268.49,269.86,0.5093,NEUTRAL
AAPL,2025-10-29,269.19,268.54,-0.241,NEUTRAL
AAPL,2025-10-30,270.88,269.53,-0.5011,NEUTRAL
AAPL,2025-10-31,269.86,269.63,-0.0851,NEUTRAL
AAPL,2025-11-03,268.54,269.26,0.2676,NEUTRAL
AAPL,2025-11-04,269.53,267.96,-0.5814,NEUTRAL
AAPL,2025-11-05,269.63,269.18,-0.1661,NEUTRAL
AAPL,2025-11-06,269.26,274.99,2.1303,UP
AAPL,2025-11-07,267.96,273.21,1.9612,UP
AAPL,2025-11-10,269.18,272.69,1.3065,UP
AAPL,2025-11-11,274.99,272.16,-1.0318,DOWN
AAPL,2025-11-12,273.21,267.21,-2.1977,DOWN
AAPL,2025-11-13,272.69,267.19,-2.0187,DOWN
AAPL,2025-11-14,272.16,268.31,-1.4133,DOWN
AAPL,2025-11-17,267.21,266.0,-0.4524,NEUTRAL
AAPL,2025-11-18,267.19,271.24,1.5143,UP
AAPL,2025-11-19,268.31,275.66,2.7406,UP
AAPL,2025-11-20,266.0,276.71,4.0263,UP
AAPL,2025-11-21,271.24,277.29,2.2321,UP
AAPL,2025-11-24,275.66,278.59,1.0619,UP
AAPL,2025-11-25,276.71,282.84,2.2132,UP
AAPL,2025-11-26,277.29,285.92,3.113,UP
AAPL,2025-11-28,278.59,283.88,1.9007,UP
AAPL,2025-12-01,282.84,280.44,-0.8478,NEUTRAL
AAPL,2025-12-02,285.92,278.52,-2.5892,DOWN
AAPL,2025-12-03,283.88,277.63,-2.2031,DOWN
AAPL,2025-12-04,280.44,276.92,-1.254,DOWN
AAPL,2025-12-05,278.52,278.52,0.0,NEUTRAL
AAPL,2025-12-08,277.63,277.77,0.0504,NEUTRAL
AAPL,2025-12-09,276.92,278.02,0.3969,NEUTRAL
AAPL,2025-12-10,278.52,273.85,-1.6752,DOWN
AAPL,2025-12-11,277.77,274.35,-1.2301,DOWN
AAPL,2025-12-12,278.02,271.59,-2.3142,DOWN
AAPL,2025-12-15,273.85,271.94,-0.7004,NEUTRAL
AAPL,2025-12-16,274.35,273.41,-0.3423,NEUTRAL
AAPL,2025-12-17,271.59,270.72,-0.32,NEUTRAL
AAPL,2025-12-18,271.94,272.11,0.0625,NEUTRAL
AAPL,2025-12-19,273.41,273.55,0.0511,NEUTRAL
AAPL,2025-12-22,270.72,273.14,0.8968,NEUTRAL
AAPL,2025-12-23,272.11,273.5,0.514,NEUTRAL
AAPL,2025-12-24,273.55,272.82,-0.2666,NEUTRAL
AAPL,2025-12-26,273.14,271.61,-0.5633,NEUTRAL
AAPL,2025-12-29,273.5,270.76,-1.0045,DOWN
AAPL,2025-12-30,272.82,267.01,-2.1312,DOWN
AAPL,2025-12-31,271.61,262.11,-3.4944,DOWN
AAPL,2026-01-02,270.76,260.09,-3.9408,DOWN
AAPL,2026-01-05,267.01,258.8,-3.0757,DOWN
AAPL,2026-01-06,262.11,259.13,-1.1396,DOWN
AAPL,2026-01-07,260.09,260.01,-0.0307,NEUTRAL
AAPL,2026-01-08,258.8,260.81,0.7759,NEUTRAL
AAPL,2026-01-09,259.13,259.72,0.2275,NEUTRAL
AAPL,2026-01-12,260.01,257.97,-0.7839,NEUTRAL
AAPL,2026-01-13,260.81,255.29,-2.1145,DOWN
AAPL,2026-01-14,259.72,246.47,-5.1008,DOWN
AAPL,2026-01-15,257.97,247.42,-4.0897,DOWN
AAPL,2026-01-16,255.29,248.12,-2.8098,DOWN
AAPL,2026-01-20,246.47,247.81,0.5432,NEUTRAL
AAPL,2026-01-21,247.42,255.17,3.1335,UP
AAPL,2026-01-22,248.12,258.03,3.9943,UP
AAPL,2026-01-23,247.81,256.2,3.3866,UP
AAPL,2026-01-26,255.17,258.04,1.1237,UP
AAPL,2026-01-27,258.03,259.24,0.4685,NEUTRAL
AAPL,2026-01-28,256.2,269.76,5.2917,UP
AAPL,2026-01-29,258.04,269.23,4.3364,UP
AAPL,2026-01-30,259.24,276.23,6.5554,UP
AAPL,2026-02-02,269.76,275.65,2.1851,UP
AAPL,2026-02-03,269.23,277.86,3.2062,UP
AAPL,2026-02-04,276.23,274.62,-0.5834,NEUTRAL
AAPL,2026-02-05,275.65,273.68,-0.7154,NEUTRAL
AAPL,2026-02-06,277.86,275.5,-0.8493,NEUTRAL
AAPL,2026-02-09,274.62,261.73,-4.6938,DOWN
AAPL,2026-02-10,273.68,255.78,-6.5405,DOWN
AAPL,2026-02-11,275.5,263.88,-4.2178,DOWN
AAPL,2026-02-12,261.73,264.35,1.001,UP
AAPL,2026-02-13,255.78,260.58,1.8766,UP
AAPL,2026-02-17,263.88,264.58,0.2653,NEUTRAL
AAPL,2026-02-18,264.35,266.18,0.6923,NEUTRAL
AAPL,2026-02-19,260.58,272.14,4.4363,UP
AAPL,2026-02-20,264.58,274.23,3.6473,UP
AAPL,2026-02-23,266.18,272.95,2.5434,UP
AAPL,2026-02-24,272.14,264.18,-2.925,DOWN
AAPL,2026-02-25,274.23,264.72,-3.4679,DOWN
AAPL,2026-02-26,272.95,263.75,-3.3706,DOWN
AAPL,2026-02-27,264.18,262.52,-0.6284,NEUTRAL
AAPL,2026-03-02,264.72,260.29,-1.6735,DOWN
AAPL,2026-03-03,263.75,257.46,-2.3848,DOWN
AAPL,2026-03-04,262.52,259.88,-1.0056,DOWN
AAPL,2026-03-05,260.29,260.83,0.2075,NEUTRAL
AAPL,2026-03-06,257.46,260.81,1.3012,UP
AAPL,2026-03-09,259.88,255.76,-1.5854,DOWN
AAPL,2026-03-10,260.83,250.12,-4.1061,DOWN
AAPL,2026-03-11,260.81,252.82,-3.0635,DOWN
AAPL,2026-03-12,255.76,254.23,-0.5982,NEUTRAL
AAPL,2026-03-13,250.12,249.94,-0.072,NEUTRAL
AAPL,2026-03-16,252.82,248.96,-1.5268,DOWN
AAPL,2026-03-17,254.23,247.99,-2.4545,DOWN
AAPL,2026-03-18,249.94,251.49,0.6202,NEUTRAL
AAPL,2026-03-19,248.96,251.64,1.0765,UP
AAPL,2026-03-20,247.99,252.62,1.867,UP
AAPL,2026-03-23,251.49,252.89,0.5567,NEUTRAL
AAPL,2026-03-24,251.64,248.8,-1.1286,DOWN
AAPL,2026-03-25,252.62,246.63,-2.3711,DOWN
AAPL,2026-03-26,252.89,253.79,0.3559,NEUTRAL
AAPL,2026-03-27,248.8,255.63,2.7452,UP
AAPL,2026-03-30,246.63,255.92,3.7668,UP
AAPL,2026-03-31,253.79,258.86,1.9977,UP
AAPL,2026-04-01,255.63,253.5,-0.8332,NEUTRAL
AAPL,2026-04-02,255.92,258.9,1.1644,UP
AAPL,2026-04-06,258.86,260.49,0.6297,NEUTRAL
MSFT,2025-07-01,489.21,494.85,1.1523,UP
MSFT,2025-07-02,488.25,493.75,1.1261,UP
MSFT,2025-07-03,495.96,500.6,0.9362,NEUTRAL
MSFT,2025-07-07,494.85,498.58,0.7554,NEUTRAL
MSFT,2025-07-08,493.75,500.41,1.3491,UP
MSFT,2025-07-09,500.6,500.11,-0.0973,NEUTRAL
MSFT,2025-07-10,498.58,502.9,0.8654,NEUTRAL
MSFT,2025-07-11,500.41,502.7,0.457,NEUTRAL
MSFT,2025-07-14,500.11,508.74,1.7256,UP
MSFT,2025-07-15,502.9,507.1,0.8363,NEUTRAL
MSFT,2025-07-16,502.7,507.11,0.8781,NEUTRAL
MSFT,2025-07-17,508.74,502.35,-1.2566,DOWN
MSFT,2025-07-18,507.1,502.95,-0.8195,NEUTRAL
MSFT,2025-07-21,507.11,507.93,0.1608,NEUTRAL
MSFT,2025-07-22,502.35,510.74,1.6704,UP
MSFT,2025-07-23,502.95,509.54,1.3106,UP
MSFT,2025-07-24,507.93,509.61,0.3308,NEUTRAL
MSFT,2025-07-25,510.74,510.28,-0.0915,NEUTRAL
MSFT,2025-07-28,509.54,530.42,4.0976,UP
MSFT,2025-07-29,509.61,521.08,2.2514,UP
MSFT,2025-07-30,510.28,532.55,4.3644,UP
MSFT,2025-07-31,530.42,524.7,-1.0778,DOWN
MSFT,2025-08-01,521.08,521.91,0.1584,NEUTRAL
MSFT,2025-08-04,532.55,517.83,-2.763,DOWN
MSFT,2025-08-05,524.7,519.02,-1.0819,DOWN
MSFT,2025-08-06,521.91,518.76,-0.6039,NEUTRAL
MSFT,2025-08-07,517.83,526.18,1.6128,UP
MSFT,2025-08-08,519.02,517.57,-0.2797,NEUTRAL
MSFT,2025-08-11,518.76,519.46,0.1361,NEUTRAL
MSFT,2025-08-12,526.18,517.17,-1.7138,DOWN
MSFT,2025-08-13,517.57,514.11,-0.6685,NEUTRAL
MSFT,2025-08-14,519.46,506.83,-2.4326,DOWN
MSFT,2025-08-15,517.17,502.8,-2.7779,DOWN
MSFT,2025-08-18,514.11,502.15,-2.3266,DOWN
MSFT,2025-08-19,506.83,505.13,-0.3347,NEUTRAL
MSFT,2025-08-20,502.8,502.17,-0.1248,NEUTRAL
MSFT,2025-08-21,502.15,499.96,-0.4363,NEUTRAL
MSFT,2025-08-22,505.13,504.64,-0.0966,NEUTRAL
MSFT,2025-08-25,502.17,507.53,1.0669,UP
MSFT,2025-08-26,499.96,504.59,0.9262,NEUTRAL
MSFT,2025-08-27,504.64,503.03,-0.3197,NEUTRAL
MSFT,2025-08-28,507.53,503.26,-0.8418,NEUTRAL
MSFT,2025-08-29,504.59,505.87,0.2526,NEUTRAL
MSFT,2025-09-02,503.03,492.95,-2.0035,DOWN
MSFT,2025-09-03,503.26,496.14,-1.4149,DOWN
MSFT,2025-09-04,505.87,496.35,-1.882,DOWN
MSFT,2025-09-05,492.95,498.3,1.0848,UP
MSFT,2025-09-08,496.14,498.94,0.564,NEUTRAL
MSFT,2025-09-09,496.35,507.79,2.3053,UP
MSFT,2025-09-10,498.3,513.23,2.9958,UP
MSFT,2025-09-11,498.94,506.93,1.6028,UP
MSFT,2025-09-12,507.79,507.91,0.0235,NEUTRAL
MSFT,2025-09-15,513.23,506.34,-1.3408,DOWN
MSFT,2025-09-16,506.93,515.79,1.7464,UP
MSFT,2025-09-17,507.91,512.32,0.8686,NEUTRAL
MSFT,2025-09-18,506.34,507.12,0.1534,NEUTRAL
MSFT,2025-09-19,515.79,508.04,-1.5021,DOWN
MSFT,2025-09-22,512.32,504.93,-1.4423,DOWN
MSFT,2025-09-23,507.12,509.34,0.4379,NEUTRAL
MSFT,2025-09-24,508.04,512.47,0.8723,NEUTRAL
MSFT,2025-09-25,504.93,515.81,2.1537,UP
MSFT,2025-09-26,509.34,517.56,1.613,UP
MSFT,2025-09-29,512.47,513.6,0.2215,NEUTRAL
MSFT,2025-09-30,515.81,515.21,-0.1159,NEUTRAL
MSFT,2025-10-01,517.56,526.38,1.7048,UP
MSFT,2025-10-02,513.6,521.81,1.5977,UP
MSFT,2025-10-03,515.21,522.68,1.4497,UP
MSFT,2025-10-06,526.38,520.24,-1.1673,DOWN
MSFT,2025-10-07,521.81,508.84,-2.4848,DOWN
MSFT,2025-10-08,522.68,511.92,-2.0577,DOWN
MSFT,2025-10-09,520.24,511.44,-1.6903,DOWN
MSFT,2025-10-10,508.84,511.3,0.4834,NEUTRAL
MSFT,2025-10-13,511.92,509.49,-0.4747,NEUTRAL
MSFT,2025-10-14,511.44,511.45,0.002,NEUTRAL
MSFT,2025-10-15,511.3,514.65,0.6544,NEUTRAL
MSFT,2025-10-16,509.49,515.52,1.1825,UP
MSFT,2025-10-17,511.45,518.38,1.3552,UP
MSFT,2025-10-20,514.65,518.4,0.7295,NEUTRAL
MSFT,2025-10-21,515.52,521.44,1.1494,UP
MSFT,2025-10-22,518.38,529.32,2.1094,UP
MSFT,2025-10-23,518.4,539.83,4.1321,UP
MSFT,2025-10-24,521.44,539.31,3.4262,UP
MSFT,2025-10-27,529.32,523.58,-1.0837,DOWN
MSFT,2025-10-28,539.83,515.67,-4.4754,DOWN
MSFT,2025-10-29,539.31,514.89,-4.5277,DOWN
MSFT,2025-10-30,523.58,512.2,-2.174,DOWN
MSFT,2025-10-31,515.67,505.06,-2.0567,DOWN
MSFT,2025-11-03,514.89,495.04,-3.8547,DOWN
MSFT,2025-11-04,512.2,494.76,-3.4044,DOWN
MSFT,2025-11-05,505.06,503.9,-0.2287,NEUTRAL
MSFT,2025-11-06,495.04,506.57,2.3295,UP
MSFT,2025-11-07,494.76,509.02,2.8823,UP
MSFT,2025-11-10,503.9,501.21,-0.5356,NEUTRAL
MSFT,2025-11-11,506.57,508.07,0.2949,NEUTRAL
MSFT,2025-11-12,509.02,505.39,-0.7141,NEUTRAL
MSFT,2025-11-13,501.21,491.75,-1.8876,DOWN
MSFT,2025-11-14,508.07,485.1,-4.52,DOWN
MSFT,2025-11-17,505.39,477.34,-5.5498,DOWN
MSFT,2025-11-18,491.75,471.04,-4.2096,DOWN
MSFT,2025-11-19,485.1,472.92,-2.5113,DOWN
MSFT,2025-11-20,477.34,475.9,-0.301,NEUTRAL
MSFT,2025-11-21,471.04,484.39,2.834,UP
MSFT,2025-11-24,472.92,490.89,3.7996,UP
MSFT,2025-11-25,475.9,485.63,2.0441,UP
MSFT,2025-11-26,484.39,488.88,0.9269,NEUTRAL
MSFT,2025-11-28,490.89,476.64,-2.9024,DOWN
MSFT,2025-12-01,485.63,479.74,-1.2121,DOWN
MSFT,2025-12-02,488.88,482.06,-1.3959,DOWN
MSFT,2025-12-03,476.64,489.9,2.7819,UP
MSFT,2025-12-04,479.74,490.9,2.3251,UP
MSFT,2025-12-05,482.06,477.47,-0.9521,NEUTRAL
MSFT,2025-12-08,489.9,482.37,-1.5376,DOWN
MSFT,2025-12-09,490.9,477.44,-2.7418,DOWN
MSFT,2025-12-10,477.47,473.74,-0.7815,NEUTRAL
MSFT,2025-12-11,482.37,475.31,-1.4644,DOWN
MSFT,2025-12-12,477.44,475.04,-0.5036,NEUTRAL
MSFT,2025-12-15,473.74,482.88,1.9292,UP
MSFT,2025-12-16,475.31,484.81,2.0005,UP
MSFT,2025-12-17,475.04,483.82,1.8483,UP
MSFT,2025-12-18,482.88,485.74,0.593,NEUTRAL
MSFT,2025-12-19,484.81,486.91,0.4322,NEUTRAL
MSFT,2025-12-22,483.82,486.6,0.5753,NEUTRAL
MSFT,2025-12-23,485.74,485.99,0.0513,NEUTRAL
MSFT,2025-12-24,486.91,486.37,-0.1106,NEUTRAL
MSFT,2025-12-26,486.6,482.52,-0.8386,NEUTRAL
MSFT,2025-12-29,485.99,471.86,-2.907,DOWN
MSFT,2025-12-30,486.37,471.77,-3.0012,DOWN
MSFT,2025-12-31,482.52,477.42,-1.0566,DOWN
MSFT,2026-01-02,471.86,482.37,2.2265,UP
MSFT,2026-01-05,471.77,477.02,1.1124,UP
MSFT,2026-01-06,477.42,478.19,0.1609,NEUTRAL
MSFT,2026-01-07,482.37,476.09,-1.301,DOWN
MSFT,2026-01-08,477.02,469.6,-1.5561,DOWN
MSFT,2026-01-09,478.19,458.33,-4.1521,DOWN
MSFT,2026-01-12,476.09,455.62,-4.3003,DOWN
MSFT,2026-01-13,469.6,458.81,-2.2967,DOWN
MSFT,2026-01-14,458.33,453.48,-1.058,DOWN
MSFT,2026-01-15,455.62,443.1,-2.7482,DOWN
MSFT,2026-01-16,458.81,450.11,-1.8962,DOWN
MSFT,2026-01-20,453.48,464.89,2.5147,UP
MSFT,2026-01-21,443.1,469.21,5.8927,UP
MSFT,2026-01-22,450.11,479.49,6.5257,UP
MSFT,2026-01-23,464.89,480.53,3.3652,UP
MSFT,2026-01-26,469.21,432.51,-7.8209,DOWN
MSFT,2026-01-27,479.49,429.31,-10.4644,DOWN
MSFT,2026-01-28,480.53,422.41,-12.0964,DOWN
MSFT,2026-01-29,432.51,410.27,-5.1419,DOWN
MSFT,2026-01-30,429.31,413.25,-3.7417,DOWN
MSFT,2026-02-02,422.41,392.77,-7.0151,DOWN
MSFT,2026-02-03,410.27,400.23,-2.4489,DOWN
MSFT,2026-02-04,413.25,412.66,-0.1424,NEUTRAL
MSFT,2026-02-05,392.77,412.33,4.9788,UP
MSFT,2026-02-06,400.23,403.45,0.8052,NEUTRAL
MSFT,2026-02-09,412.66,400.92,-2.8433,DOWN
MSFT,2026-02-10,412.33,400.41,-2.8916,DOWN
MSFT,2026-02-11,403.45,395.96,-1.8572,DOWN
MSFT,2026-02-12,400.92,398.69,-0.5574,NEUTRAL
MSFT,2026-02-13,400.41,398.46,-0.486,NEUTRAL
MSFT,2026-02-17,395.96,397.23,0.3217,NEUTRAL
MSFT,2026-02-18,398.69,384.47,-3.5667,DOWN
MSFT,2026-02-19,398.46,389.0,-2.3741,DOWN
MSFT,2026-02-20,397.23,400.6,0.8484,NEUTRAL
MSFT,2026-02-23,384.47,401.72,4.4867,UP
MSFT,2026-02-24,389.0,392.74,0.9614,NEUTRAL
MSFT,2026-02-25,400.6,398.55,-0.5117,NEUTRAL
MSFT,2026-02-26,401.72,403.93,0.5501,NEUTRAL
MSFT,2026-02-27,392.74,405.2,3.1726,UP
MSFT,2026-03-02,398.55,410.68,3.0435,UP
MSFT,2026-03-03,403.93,408.96,1.2453,UP
MSFT,2026-03-04,405.2,409.41,1.039,UP
MSFT,2026-03-05,410.68,405.76,-1.198,DOWN
MSFT,2026-03-06,408.96,404.88,-0.9976,NEUTRAL
MSFT,2026-03-09,409.41,401.86,-1.8441,DOWN
MSFT,2026-03-10,405.76,395.55,-2.5163,DOWN
MSFT,2026-03-11,404.88,399.95,-1.2176,DOWN
MSFT,2026-03-12,401.86,399.41,-0.6097,NEUTRAL
MSFT,2026-03-13,395.55,391.79,-0.9506,NEUTRAL
MSFT,2026-03-16,399.95,389.02,-2.7328,DOWN
MSFT,2026-03-17,399.41,381.87,-4.3915,DOWN
MSFT,2026-03-18,391.79,383.0,-2.2436,DOWN
MSFT,2026-03-19,389.02,372.74,-4.1849,DOWN
MSFT,2026-03-20,381.87,371.04,-2.836,DOWN
MSFT,2026-03-23,383.0,365.97,-4.4465,DOWN
MSFT,2026-03-24,372.74,356.77,-4.2845,DOWN
MSFT,2026-03-25,371.04,358.96,-3.2557,DOWN
MSFT,2026-03-26,365.97,370.17,1.1476,UP
MSFT,2026-03-27,356.77,369.37,3.5317,UP
MSFT,2026-03-30,358.96,373.46,4.0394,UP
MSFT,2026-03-31,370.17,372.88,0.7321,NEUTRAL
MSFT,2026-04-01,369.37,372.29,0.7905,NEUTRAL
MSFT,2026-04-02,373.46,374.33,0.233,NEUTRAL
MSFT,2026-04-06,372.88,373.07,0.051,NEUTRAL
NVDA,2025-07-01,153.27,158.21,3.2224,UP
NVDA,2025-07-02,157.22,159.97,1.7488,UP
NVDA,2025-07-03,159.31,162.85,2.2217,UP
NVDA,2025-07-07,158.21,164.07,3.7032,UP
NVDA,2025-07-08,159.97,164.89,3.075,UP
NVDA,2025-07-09,162.85,164.04,0.7306,NEUTRAL
NVDA,2025-07-10,164.07,170.67,4.0219,UP
NVDA,2025-07-11,164.89,171.34,3.911,UP
NVDA,2025-07-14,164.04,172.97,5.4428,UP
NVDA,2025-07-15,170.67,172.38,1.0018,UP
NVDA,2025-07-16,171.34,171.35,0.0058,NEUTRAL
NVDA,2025-07-17,172.97,167.0,-3.4509,DOWN
NVDA,2025-07-18,172.38,170.75,-0.9454,NEUTRAL
NVDA,2025-07-21,171.35,173.71,1.3771,UP
NVDA,2025-07-22,167.0,173.47,3.8736,UP
NVDA,2025-07-23,170.75,176.72,3.4957,UP
NVDA,2025-07-24,173.71,175.48,1.0188,UP
NVDA,2025-07-25,173.47,179.24,3.3256,UP
NVDA,2025-07-28,176.72,177.84,0.6337,NEUTRAL
NVDA,2025-07-29,175.48,173.69,-1.0199,DOWN
NVDA,2025-07-30,179.24,179.97,0.4072,NEUTRAL
NVDA,2025-07-31,177.84,178.23,0.2193,NEUTRAL
NVDA,2025-08-01,173.69,179.39,3.2811,UP
NVDA,2025-08-04,179.97,180.74,0.4278,NEUTRAL
NVDA,2025-08-05,178.23,182.67,2.4907,UP
NVDA,2025-08-06,179.39,182.03,1.4714,UP
NVDA,2025-08-07,180.74,183.13,1.3221,UP
NVDA,2025-08-08,182.67,181.56,-0.6075,NEUTRAL
NVDA,2025-08-11,182.03,181.99,-0.022,NEUTRAL
NVDA,2025-08-12,183.13,180.42,-1.4796,DOWN
NVDA,2025-08-13,181.56,181.98,0.2313,NEUTRAL
NVDA,2025-08-14,181.99,175.61,-3.5051,DOWN
NVDA,2025-08-15,180.42,175.37,-2.7986,DOWN
NVDA,2025-08-18,181.98,174.95,-3.8624,DOWN
NVDA,2025-08-19,175.61,177.96,1.338,UP
NVDA,2025-08-20,175.37,179.78,2.5143,UP
NVDA,2025-08-21,174.95,181.74,3.8804,UP
NVDA,2025-08-22,177.96,181.57,2.0282,UP
NVDA,2025-08-25,179.78,180.14,0.2002,NEUTRAL
NVDA,2025-08-26,181.74,174.15,-4.1756,DOWN
NVDA,2025-08-27,181.57,170.75,-5.9582,DOWN
NVDA,2025-08-28,180.14,170.59,-5.3005,DOWN
NVDA,2025-08-29,174.15,171.63,-1.4468,DOWN
NVDA,2025-09-02,170.75,166.99,-2.2017,DOWN
NVDA,2025-09-03,170.59,168.28,-1.3539,DOWN
NVDA,2025-09-04,171.63,170.73,-0.5243,NEUTRAL
NVDA,2025-09-05,166.99,177.3,6.1729,UP
NVDA,2025-09-08,168.28,177.15,5.27,UP
NVDA,2025-09-09,170.73,177.8,4.1403,UP
NVDA,2025-09-10,177.3,177.73,0.2425,NEUTRAL
NVDA,2025-09-11,177.15,174.86,-1.2925,DOWN
NVDA,2025-09-12,177.8,170.27,-4.2346,DOWN
NVDA,2025-09-15,177.73,176.22,-0.8495,NEUTRAL
NVDA,2025-09-16,174.86,176.65,1.0235,UP
NVDA,2025-09-17,170.27,183.59,7.822,UP
NVDA,2025-09-18,176.22,178.41,1.2426,UP
NVDA,2025-09-19,176.65,176.95,0.1698,NEUTRAL
NVDA,2025-09-22,183.59,177.67,-3.2242,DOWN
NVDA,2025-09-23,178.41,178.17,-0.1345,NEUTRAL
NVDA,2025-09-24,176.95,181.83,2.7575,UP
NVDA,2025-09-25,177.67,186.56,5.0031,UP
NVDA,2025-09-26,178.17,187.22,5.0789,UP
NVDA,2025-09-29,181.83,188.87,3.8713,UP
NVDA,2025-09-30,186.56,187.6,0.5574,NEUTRAL
NVDA,2025-10-01,187.22,185.52,-0.9079,NEUTRAL
NVDA,2025-10-02,188.87,185.02,-2.0382,DOWN
NVDA,2025-10-03,187.6,189.09,0.7942,NEUTRAL
NVDA,2025-10-06,185.52,192.55,3.7889,UP
NVDA,2025-10-07,185.02,183.14,-1.016,DOWN
NVDA,2025-10-08,189.09,188.3,-0.4177,NEUTRAL
NVDA,2025-10-09,192.55,180.01,-6.5119,DOWN
NVDA,2025-10-10,183.14,179.81,-1.8181,DOWN
NVDA,2025-10-13,188.3,181.79,-3.4569,DOWN
NVDA,2025-10-14,180.01,183.2,1.7719,UP
NVDA,2025-10-15,179.81,182.62,1.5626,UP
NVDA,2025-10-16,181.79,181.14,-0.3575,NEUTRAL
NVDA,2025-10-17,183.2,180.26,-1.6046,DOWN
NVDA,2025-10-20,182.62,182.14,-0.2628,NEUTRAL
NVDA,2025-10-21,181.14,186.24,2.8152,UP
NVDA,2025-10-22,180.26,191.47,6.2181,UP
NVDA,2025-10-23,182.14,201.01,10.359,UP
NVDA,2025-10-24,186.24,207.02,11.1565,UP
NVDA,2025-10-27,191.47,202.87,5.9533,UP
NVDA,2025-10-28,201.01,202.47,0.7263,NEUTRAL
NVDA,2025-10-29,207.02,206.86,-0.0773,NEUTRAL
NVDA,2025-10-30,202.87,198.67,-2.0701,DOWN
NVDA,2025-10-31,202.47,195.19,-3.5952,DOWN
NVDA,2025-11-03,206.86,188.06,-9.0874,DOWN
NVDA,2025-11-04,198.67,188.13,-5.3047,DOWN
NVDA,2025-11-05,195.19,199.03,1.9671,UP
NVDA,2025-11-06,188.06,193.14,2.701,UP
NVDA,2025-11-07,188.13,193.78,3.0029,UP
NVDA,2025-11-10,199.03,186.84,-6.1241,DOWN
NVDA,2025-11-11,193.14,190.15,-1.5479,DOWN
NVDA,2025-11-12,193.78,186.58,-3.7152,DOWN
NVDA,2025-11-13,186.84,181.34,-2.9434,DOWN
NVDA,2025-11-14,190.15,186.5,-1.9193,DOWN
NVDA,2025-11-17,186.58,180.62,-3.194,DOWN
NVDA,2025-11-18,181.34,178.86,-1.3674,DOWN
NVDA,2025-11-19,186.5,182.53,-2.1285,DOWN
NVDA,2025-11-20,180.62,177.8,-1.5611,DOWN
NVDA,2025-11-21,178.86,180.24,0.7715,NEUTRAL
NVDA,2025-11-24,182.53,176.98,-3.0403,DOWN
NVDA,2025-11-25,177.8,179.9,1.181,UP
NVDA,2025-11-26,180.24,181.44,0.6657,NEUTRAL
NVDA,2025-11-28,176.98,179.57,1.4633,UP
NVDA,2025-12-01,179.9,183.37,1.9288,UP
NVDA,2025-12-02,181.44,182.4,0.5291,NEUTRAL
NVDA,2025-12-03,179.57,185.54,3.3244,UP
NVDA,2025-12-04,183.37,184.96,0.867,NEUTRAL
NVDA,2025-12-05,182.4,183.77,0.7511,NEUTRAL
NVDA,2025-12-08,185.54,180.92,-2.4899,DOWN
NVDA,2025-12-09,184.96,175.01,-5.3793,DOWN
NVDA,2025-12-10,183.77,176.28,-4.0755,DOWN
NVDA,2025-12-11,180.92,177.71,-1.7742,DOWN
NVDA,2025-12-12,175.01,170.93,-2.3312,DOWN
NVDA,2025-12-15,176.28,174.13,-1.2196,DOWN
NVDA,2025-12-16,177.71,180.98,1.84,UP
NVDA,2025-12-17,170.93,183.68,7.4588,UP
NVDA,2025-12-18,174.13,189.2,8.654,UP
NVDA,2025-12-19,180.98,188.6,4.2102,UP
NVDA,2025-12-22,183.68,190.52,3.7237,UP
NVDA,2025-12-23,189.2,188.21,-0.5232,NEUTRAL
NVDA,2025-12-24,188.6,187.53,-0.5673,NEUTRAL
NVDA,2025-12-26,190.52,186.49,-2.1151,DOWN
NVDA,2025-12-29,188.21,188.84,0.3347,NEUTRAL
NVDA,2025-12-30,187.53,188.11,0.3093,NEUTRAL
NVDA,2025-12-31,186.49,187.23,0.3968,NEUTRAL
NVDA,2026-01-02,188.84,189.1,0.1377,NEUTRAL
NVDA,2026-01-05,188.11,185.03,-1.6373,DOWN
NVDA,2026-01-06,187.23,184.85,-1.2711,DOWN
NVDA,2026-01-07,189.1,184.93,-2.2051,DOWN
NVDA,2026-01-08,185.03,185.8,0.4161,NEUTRAL
NVDA,2026-01-09,184.85,183.13,-0.9304,NEUTRAL
NVDA,2026-01-12,184.93,187.04,1.1409,UP
NVDA,2026-01-13,185.8,186.22,0.226,NEUTRAL
NVDA,2026-01-14,183.13,178.06,-2.7684,DOWN
NVDA,2026-01-15,187.04,183.31,-1.9941,DOWN
NVDA,2026-01-16,186.22,184.83,-0.7464,NEUTRAL
NVDA,2026-01-20,178.06,187.66,5.3911,UP
NVDA,2026-01-21,183.31,186.46,1.7183,UP
NVDA,2026-01-22,184.83,188.51,1.9909,UP
NVDA,2026-01-23,187.66,191.51,2.0515,UP
NVDA,2026-01-26,186.46,192.5,3.2391,UP
NVDA,2026-01-27,188.51,191.12,1.3845,UP
NVDA,2026-01-28,191.51,185.6,-3.0858,DOWN
NVDA,2026-01-29,192.5,180.33,-6.3218,DOWN
NVDA,2026-01-30,191.12,174.18,-8.8631,DOWN
NVDA,2026-02-02,185.6,171.87,-7.3972,DOWN
NVDA,2026-02-03,180.33,185.4,2.8114,UP
NVDA,2026-02-04,174.18,190.03,9.0993,UP
NVDA,2026-02-05,171.87,188.53,9.6928,UP
NVDA,2026-02-06,185.4,190.04,2.5026,UP
NVDA,2026-02-09,190.03,186.93,-1.6312,DOWN
NVDA,2026-02-10,188.53,182.8,-3.0391,DOWN
NVDA,2026-02-11,190.04,184.96,-2.673,DOWN
NVDA,2026-02-12,186.93,187.97,0.5563,NEUTRAL
NVDA,2026-02-13,182.8,187.89,2.7843,UP
NVDA,2026-02-17,184.96,189.81,2.6221,UP
NVDA,2026-02-18,187.97,191.54,1.8991,UP
NVDA,2026-02-19,187.89,192.84,2.6344,UP
NVDA,2026-02-20,189.81,195.55,3.0239,UP
NVDA,2026-02-23,191.54,184.88,-3.4769,DOWN
NVDA,2026-02-24,192.84,177.18,-8.1203,DOWN
NVDA,2026-02-25,195.55,182.47,-6.6885,DOWN
NVDA,2026-02-26,184.88,180.04,-2.6178,DOWN
NVDA,2026-02-27,177.18,183.03,3.3015,UP
NVDA,2026-03-02,182.47,183.33,0.4713,NEUTRAL
NVDA,2026-03-03,180.04,177.81,-1.2385,DOWN
NVDA,2026-03-04,183.03,182.64,-0.2131,NEUTRAL
NVDA,2026-03-05,183.33,184.76,0.78,NEUTRAL
NVDA,2026-03-06,177.81,186.03,4.6227,UP
NVDA,2026-03-09,182.64,183.14,0.2737,NEUTRAL
NVDA,2026-03-10,184.76,180.25,-2.441,DOWN
NVDA,2026-03-11,186.03,183.22,-1.5105,DOWN
NVDA,2026-03-12,183.14,181.93,-0.6607,NEUTRAL
NVDA,2026-03-13,180.25,180.4,0.0832,NEUTRAL
NVDA,2026-03-16,183.22,178.56,-2.5434,DOWN
NVDA,2026-03-17,181.93,172.7,-5.0734,DOWN
NVDA,2026-03-18,180.4,175.64,-2.6386,DOWN
NVDA,2026-03-19,178.56,175.2,-1.8817,DOWN
NVDA,2026-03-20,172.7,178.68,3.4626,UP
NVDA,2026-03-23,175.64,171.24,-2.5051,DOWN
NVDA,2026-03-24,175.2,167.52,-4.3836,DOWN
NVDA,2026-03-25,178.68,165.17,-7.561,DOWN
NVDA,2026-03-26,171.24,174.4,1.8454,UP
NVDA,2026-03-27,167.52,175.75,4.9128,UP
NVDA,2026-03-30,165.17,177.39,7.3984,UP
NVDA,2026-03-31,174.4,177.64,1.8578,UP
NVDA,2026-04-01,175.75,178.1,1.3371,UP
NVDA,2026-04-02,177.39,182.08,2.6439,UP
NVDA,2026-04-06,177.64,183.91,3.5296,UP
TSLA,2025-07-01,300.71,293.94,-2.2513,DOWN
TSLA,2025-07-02,315.65,297.81,-5.6518,DOWN
TSLA,2025-07-03,315.35,295.88,-6.1741,DOWN
TSLA,2025-07-07,293.94,309.87,5.4195,UP
TSLA,2025-07-08,297.81,313.51,5.2718,UP
TSLA,2025-07-09,295.88,316.9,7.1042,UP
TSLA,2025-07-10,309.87,310.78,0.2937,NEUTRAL
TSLA,2025-07-11,313.51,321.67,2.6028,UP
TSLA,2025-07-14,316.9,319.41,0.7921,NEUTRAL
TSLA,2025-07-15,310.78,329.65,6.0718,UP
TSLA,2025-07-16,321.67,328.49,2.1202,UP
TSLA,2025-07-17,319.41,332.11,3.9761,UP
TSLA,2025-07-18,329.65,332.56,0.8828,NEUTRAL
TSLA,2025-07-21,328.49,305.3,-7.0596,DOWN
TSLA,2025-07-22,332.11,316.06,-4.8327,DOWN
TSLA,2025-07-23,332.56,325.59,-2.0959,DOWN
TSLA,2025-07-24,305.3,321.2,5.208,UP
TSLA,2025-07-25,316.06,319.04,0.9429,NEUTRAL
TSLA,2025-07-28,325.59,308.27,-5.3196,DOWN
TSLA,2025-07-29,321.2,302.63,-5.7814,DOWN
TSLA,2025-07-30,319.04,309.26,-3.0654,DOWN
TSLA,2025-07-31,308.27,308.72,0.146,NEUTRAL
TSLA,2025-08-01,302.63,319.91,5.7099,UP
TSLA,2025-08-04,309.26,322.27,4.2068,UP
TSLA,2025-08-05,308.72,329.65,6.7796,UP
TSLA,2025-08-06,319.91,339.03,5.9767,UP
TSLA,2025-08-07,322.27,340.84,5.7623,UP
TSLA,2025-08-08,329.65,339.38,2.9516,UP
TSLA,2025-08-11,339.03,335.58,-1.0176,DOWN
TSLA,2025-08-12,340.84,330.56,-3.0161,DOWN
TSLA,2025-08-13,339.38,335.16,-1.2434,DOWN
TSLA,2025-08-14,335.58,329.31,-1.8684,DOWN
TSLA,2025-08-15,330.56,323.9,-2.0148,DOWN
TSLA,2025-08-18,335.16,320.11,-4.4904,DOWN
TSLA,2025-08-19,329.31,340.01,3.2492,UP
TSLA,2025-08-20,323.9,346.6,7.0083,UP
TSLA,2025-08-21,320.11,351.67,9.8591,UP
TSLA,2025-08-22,340.01,349.6,2.8205,UP
TSLA,2025-08-25,346.6,345.98,-0.1789,NEUTRAL
TSLA,2025-08-26,351.67,333.87,-5.0616,DOWN
TSLA,2025-08-27,349.6,329.36,-5.7895,DOWN
TSLA,2025-08-28,345.98,334.09,-3.4366,DOWN
TSLA,2025-08-29,333.87,338.53,1.3958,UP
TSLA,2025-09-02,329.36,350.84,6.5217,UP
TSLA,2025-09-03,334.09,346.4,3.6846,UP
TSLA,2025-09-04,338.53,346.97,2.4931,UP
TSLA,2025-09-05,350.84,347.79,-0.8693,NEUTRAL
TSLA,2025-09-08,346.4,368.81,6.4694,UP
TSLA,2025-09-09,346.97,395.94,14.1136,UP
TSLA,2025-09-10,347.79,410.04,17.8987,UP
TSLA,2025-09-11,368.81,421.62,14.319,UP
TSLA,2025-09-12,395.94,425.86,7.5567,UP
TSLA,2025-09-15,410.04,416.85,1.6608,UP
TSLA,2025-09-16,421.62,426.07,1.0555,UP
TSLA,2025-09-17,425.86,434.21,1.9607,UP
TSLA,2025-09-18,416.85,425.85,2.159,UP
TSLA,2025-09-19,426.07,442.79,3.9242,UP
TSLA,2025-09-22,434.21,423.39,-2.4919,DOWN
TSLA,2025-09-23,425.85,440.4,3.4167,UP
TSLA,2025-09-24,442.79,443.21,0.0948,NEUTRAL
TSLA,2025-09-25,423.39,444.72,5.0379,UP
TSLA,2025-09-26,440.4,459.46,4.3279,UP
TSLA,2025-09-29,443.21,436.0,-1.6268,DOWN
TSLA,2025-09-30,444.72,429.83,-3.3482,DOWN
TSLA,2025-10-01,459.46,453.25,-1.3516,DOWN
TSLA,2025-10-02,436.0,433.09,-0.6674,NEUTRAL
TSLA,2025-10-03,429.83,438.69,2.0613,UP
TSLA,2025-10-06,453.25,435.54,-3.9073,DOWN
TSLA,2025-10-07,433.09,413.49,-4.5256,DOWN
TSLA,2025-10-08,438.69,435.9,-0.636,NEUTRAL
TSLA,2025-10-09,435.54,429.24,-1.4465,DOWN
TSLA,2025-10-10,413.49,435.15,5.2383,UP
TSLA,2025-10-13,435.9,428.75,-1.6403,DOWN
TSLA,2025-10-14,429.24,439.31,2.346,UP
TSLA,2025-10-15,435.15,447.43,2.822,UP
TSLA,2025-10-16,428.75,442.6,3.2303,UP
TSLA,2025-10-17,439.31,438.97,-0.0774,NEUTRAL
TSLA,2025-10-20,447.43,448.98,0.3464,NEUTRAL
TSLA,2025-10-21,442.6,433.72,-2.0063,DOWN
TSLA,2025-10-22,438.97,452.42,3.064,UP
TSLA,2025-10-23,448.98,460.55,2.5769,UP
TSLA,2025-10-24,433.72,461.51,6.4074,UP
TSLA,2025-10-27,452.42,440.1,-2.7231,DOWN
TSLA,2025-10-28,460.55,456.56,-0.8664,NEUTRAL
TSLA,2025-10-29,461.51,468.37,1.4864,UP
TSLA,2025-10-30,440.1,444.26,0.9452,NEUTRAL
TSLA,2025-10-31,456.56,462.07,1.2069,UP
TSLA,2025-11-03,468.37,445.91,-4.7954,DOWN
TSLA,2025-11-04,444.26,429.52,-3.3179,DOWN
TSLA,2025-11-05,462.07,445.23,-3.6445,DOWN
TSLA,2025-11-06,445.91,439.62,-1.4106,DOWN
TSLA,2025-11-07,429.52,430.6,0.2514,NEUTRAL
TSLA,2025-11-10,445.23,401.99,-9.7118,DOWN
TSLA,2025-11-11,439.62,404.35,-8.0228,DOWN
TSLA,2025-11-12,430.6,408.92,-5.0348,DOWN
TSLA,2025-11-13,401.99,401.25,-0.1841,NEUTRAL
TSLA,2025-11-14,404.35,403.99,-0.089,NEUTRAL
TSLA,2025-11-17,408.92,395.23,-3.3478,DOWN
TSLA,2025-11-18,401.25,391.09,-2.5321,DOWN
TSLA,2025-11-19,403.99,417.78,3.4135,UP
TSLA,2025-11-20,395.23,419.4,6.1154,UP
TSLA,2025-11-21,391.09,426.58,9.0746,UP
TSLA,2025-11-24,417.78,430.17,2.9657,UP
TSLA,2025-11-25,419.4,430.14,2.5608,UP
TSLA,2025-11-26,426.58,429.24,0.6236,NEUTRAL
TSLA,2025-11-28,430.17,446.74,3.852,UP
TSLA,2025-12-01,430.14,454.53,5.6702,UP
TSLA,2025-12-02,429.24,455.0,6.0013,UP
TSLA,2025-12-03,446.74,439.58,-1.6027,DOWN
TSLA,2025-12-04,454.53,445.17,-2.0593,DOWN
TSLA,2025-12-05,455.0,451.45,-0.7802,NEUTRAL
TSLA,2025-12-08,439.58,446.89,1.663,UP
TSLA,2025-12-09,445.17,458.96,3.0977,UP
TSLA,2025-12-10,451.45,475.31,5.2852,UP
TSLA,2025-12-11,446.89,489.88,9.6198,UP
TSLA,2025-12-12,458.96,467.26,1.8084,UP
TSLA,2025-12-15,475.31,483.37,1.6957,UP
TSLA,2025-12-16,489.88,481.2,-1.7719,DOWN
TSLA,2025-12-17,467.26,488.73,4.5949,UP
TSLA,2025-12-18,483.37,485.56,0.4531,NEUTRAL
TSLA,2025-12-19,481.2,485.4,0.8728,NEUTRAL
TSLA,2025-12-22,488.73,475.19,-2.7704,DOWN
TSLA,2025-12-23,485.56,459.64,-5.3382,DOWN
TSLA,2025-12-24,485.4,454.43,-6.3803,DOWN
TSLA,2025-12-26,475.19,449.72,-5.36,DOWN
TSLA,2025-12-29,459.64,438.07,-4.6928,DOWN
TSLA,2025-12-30,454.43,451.67,-0.6073,NEUTRAL
TSLA,2025-12-31,449.72,432.96,-3.7268,DOWN
TSLA,2026-01-02,438.07,431.41,-1.5203,DOWN
TSLA,2026-01-05,451.67,435.8,-3.5136,DOWN
TSLA,2026-01-06,432.96,445.01,2.7832,UP
TSLA,2026-01-07,431.41,448.96,4.0681,UP
TSLA,2026-01-08,435.8,447.2,2.6159,UP
TSLA,2026-01-09,445.01,439.2,-1.3056,DOWN
TSLA,2026-01-12,448.96,438.57,-2.3142,DOWN
TSLA,2026-01-13,447.2,437.5,-2.1691,DOWN
TSLA,2026-01-14,439.2,419.25,-4.5424,DOWN
TSLA,2026-01-15,438.57,431.44,-1.6257,DOWN
TSLA,2026-01-16,437.5,449.36,2.7109,UP
TSLA,2026-01-20,419.25,449.06,7.1103,UP
TSLA,2026-01-21,431.44,435.2,0.8715,NEUTRAL
TSLA,2026-01-22,449.36,430.9,-4.1081,DOWN
TSLA,2026-01-23,449.06,431.46,-3.9193,DOWN
TSLA,2026-01-26,435.2,416.56,-4.2831,DOWN
TSLA,2026-01-27,430.9,430.41,-0.1137,NEUTRAL
TSLA,2026-01-28,431.46,421.81,-2.2366,DOWN
TSLA,2026-01-29,416.56,421.96,1.2963,UP
TSLA,2026-01-30,430.41,406.01,-5.669,DOWN
TSLA,2026-02-02,421.81,397.21,-5.832,DOWN
TSLA,2026-02-03,421.96,411.11,-2.5713,DOWN
TSLA,2026-02-04,406.01,417.32,2.7856,UP
TSLA,2026-02-05,397.21,425.21,7.0492,UP
TSLA,2026-02-06,411.11,428.27,4.1741,UP
TSLA,2026-02-09,417.32,417.07,-0.0599,NEUTRAL
TSLA,2026-02-10,425.21,417.44,-1.8273,DOWN
TSLA,2026-02-11,428.27,410.63,-4.1189,DOWN
TSLA,2026-02-12,417.07,411.32,-1.3787,DOWN
TSLA,2026-02-13,417.44,411.71,-1.3727,DOWN
TSLA,2026-02-17,410.63,411.82,0.2898,NEUTRAL
TSLA,2026-02-18,411.32,399.83,-2.7935,DOWN
TSLA,2026-02-19,411.71,409.38,-0.5659,NEUTRAL
TSLA,2026-02-20,411.82,417.4,1.355,UP
TSLA,2026-02-23,399.83,408.58,2.1884,UP
TSLA,2026-02-24,409.38,402.51,-1.6781,DOWN
TSLA,2026-02-25,417.4,403.32,-3.3733,DOWN
TSLA,2026-02-26,408.58,392.43,-3.9527,DOWN
TSLA,2026-02-27,402.51,405.94,0.8522,NEUTRAL
TSLA,2026-03-02,403.32,405.55,0.5529,NEUTRAL
TSLA,2026-03-03,392.43,396.73,1.0957,UP
TSLA,2026-03-04,405.94,398.68,-1.7884,DOWN
TSLA,2026-03-05,405.55,399.24,-1.5559,DOWN
TSLA,2026-03-06,396.73,407.82,2.7954,UP
TSLA,2026-03-09,398.68,395.01,-0.9205,NEUTRAL
TSLA,2026-03-10,399.24,391.2,-2.0138,DOWN
TSLA,2026-03-11,407.82,395.56,-3.0062,DOWN
TSLA,2026-03-12,395.01,399.27,1.0784,UP
TSLA,2026-03-13,391.2,392.78,0.4039,NEUTRAL
TSLA,2026-03-16,395.56,380.3,-3.8578,DOWN
TSLA,2026-03-17,399.27,367.96,-7.8418,DOWN
TSLA,2026-03-18,392.78,380.85,-3.0373,DOWN
TSLA,2026-03-19,380.3,383.03,0.7179,NEUTRAL
TSLA,2026-03-20,367.96,385.95,4.8891,UP
TSLA,2026-03-23,380.85,372.11,-2.2949,DOWN
TSLA,2026-03-24,383.03,361.83,-5.5348,DOWN
TSLA,2026-03-25,385.95,355.28,-7.9466,DOWN
TSLA,2026-03-26,372.11,371.75,-0.0967,NEUTRAL
TSLA,2026-03-27,361.83,381.26,5.3699,UP
TSLA,2026-03-30,355.28,360.59,1.4946,UP
TSLA,2026-03-31,371.75,352.82,-5.0921,DOWN
TSLA,2026-04-01,381.26,346.65,-9.0778,DOWN
TSLA,2026-04-02,360.59,343.25,-4.8088,DOWN
TSLA,2026-04-06,352.82,345.62,-2.0407,DOWN
AMZN,2025-07-01,220.46,223.47,1.3653,UP
AMZN,2025-07-02,219.92,219.36,-0.2546,NEUTRAL
AMZN,2025-07-03,223.41,222.54,-0.3894,NEUTRAL
AMZN,2025-07-07,223.47,222.26,-0.5415,NEUTRAL
AMZN,2025-07-08,219.36,225.02,2.5802,UP
AMZN,2025-07-09,222.54,225.69,1.4155,UP
AMZN,2025-07-10,222.26,226.35,1.8402,UP
AMZN,2025-07-11,225.02,223.19,-0.8133,NEUTRAL
AMZN,2025-07-14,225.69,223.88,-0.802,NEUTRAL
AMZN,2025-07-15,226.35,226.13,-0.0972,NEUTRAL
AMZN,2025-07-16,223.19,229.3,2.7376,UP
AMZN,2025-07-17,223.88,227.47,1.6035,UP
AMZN,2025-07-18,226.13,228.29,0.9552,NEUTRAL
AMZN,2025-07-21,229.3,232.23,1.2778,UP
AMZN,2025-07-22,227.47,231.44,1.7453,UP
AMZN,2025-07-23,228.29,232.79,1.9712,UP
AMZN,2025-07-24,232.23,231.01,-0.5253,NEUTRAL
AMZN,2025-07-25,231.44,230.19,-0.5401,NEUTRAL
AMZN,2025-07-28,232.79,234.11,0.567,NEUTRAL
AMZN,2025-07-29,231.01,214.75,-7.0387,DOWN
AMZN,2025-07-30,230.19,211.65,-8.0542,DOWN
AMZN,2025-07-31,234.11,213.75,-8.6968,DOWN
AMZN,2025-08-01,214.75,222.31,3.5204,UP
AMZN,2025-08-04,211.65,223.13,5.4241,UP
AMZN,2025-08-05,213.75,222.69,4.1825,UP
AMZN,2025-08-06,222.31,221.3,-0.4543,NEUTRAL
AMZN,2025-08-07,223.13,221.47,-0.744,NEUTRAL
AMZN,2025-08-08,222.69,224.56,0.8397,NEUTRAL
AMZN,2025-08-11,221.3,230.98,4.3741,UP
AMZN,2025-08-12,221.47,231.03,4.3166,UP
AMZN,2025-08-13,224.56,231.49,3.086,UP
AMZN,2025-08-14,230.98,228.01,-1.2858,DOWN
AMZN,2025-08-15,231.03,223.81,-3.1251,DOWN
AMZN,2025-08-18,231.49,221.95,-4.1211,DOWN
AMZN,2025-08-19,228.01,228.84,0.364,NEUTRAL
AMZN,2025-08-20,223.81,227.94,1.8453,UP
AMZN,2025-08-21,221.95,228.71,3.0457,UP
AMZN,2025-08-22,228.84,229.12,0.1224,NEUTRAL
AMZN,2025-08-25,227.94,231.6,1.6057,UP
AMZN,2025-08-26,228.71,229.0,0.1268,NEUTRAL
AMZN,2025-08-27,229.12,225.34,-1.6498,DOWN
AMZN,2025-08-28,231.6,225.99,-2.4223,DOWN
AMZN,2025-08-29,229.0,235.68,2.917,UP
AMZN,2025-09-02,225.34,232.33,3.102,UP
AMZN,2025-09-03,225.99,235.84,4.3586,UP
AMZN,2025-09-04,235.68,238.24,1.0862,UP
AMZN,2025-09-05,232.33,230.33,-0.8608,NEUTRAL
AMZN,2025-09-08,235.84,229.95,-2.4975,DOWN
AMZN,2025-09-09,238.24,228.15,-4.2352,DOWN
AMZN,2025-09-10,230.33,231.43,0.4776,NEUTRAL
AMZN,2025-09-11,229.95,234.05,1.783,UP
AMZN,2025-09-12,228.15,231.62,1.5209,UP
AMZN,2025-09-15,231.43,231.23,-0.0864,NEUTRAL
AMZN,2025-09-16,234.05,231.48,-1.0981,DOWN
AMZN,2025-09-17,231.62,227.63,-1.7226,DOWN
AMZN,2025-09-18,231.23,220.71,-4.5496,DOWN
AMZN,2025-09-19,231.48,220.21,-4.8687,DOWN
AMZN,2025-09-22,227.63,218.15,-4.1647,DOWN
AMZN,2025-09-23,220.71,219.78,-0.4214,NEUTRAL
AMZN,2025-09-24,220.21,222.17,0.8901,NEUTRAL
AMZN,2025-09-25,218.15,219.57,0.6509,NEUTRAL
AMZN,2025-09-26,219.78,220.63,0.3868,NEUTRAL
AMZN,2025-09-29,222.17,222.41,0.108,NEUTRAL
AMZN,2025-09-30,219.57,219.51,-0.0273,NEUTRAL
AMZN,2025-10-01,220.63,220.9,0.1224,NEUTRAL
AMZN,2025-10-02,222.41,221.78,-0.2833,NEUTRAL
AMZN,2025-10-03,219.51,225.22,2.6013,UP
AMZN,2025-10-06,220.9,227.74,3.0964,UP
AMZN,2025-10-07,221.78,216.37,-2.4394,DOWN
AMZN,2025-10-08,225.22,220.07,-2.2867,DOWN
AMZN,2025-10-09,227.74,216.39,-4.9838,DOWN
AMZN,2025-10-10,216.37,215.57,-0.3697,NEUTRAL
AMZN,2025-10-13,220.07,214.47,-2.5446,DOWN
AMZN,2025-10-14,216.39,213.04,-1.5481,DOWN
AMZN,2025-10-15,215.57,216.48,0.4221,NEUTRAL
AMZN,2025-10-16,214.47,222.03,3.525,UP
AMZN,2025-10-17,213.04,217.95,2.3047,UP
AMZN,2025-10-20,216.48,221.09,2.1295,UP
AMZN,2025-10-21,222.03,224.21,0.9819,NEUTRAL
AMZN,2025-10-22,217.95,226.97,4.1386,UP
AMZN,2025-10-23,221.09,229.25,3.6908,UP
AMZN,2025-10-24,224.21,230.3,2.7162,UP
AMZN,2025-10-27,226.97,222.86,-1.8108,DOWN
AMZN,2025-10-28,229.25,244.22,6.53,UP
AMZN,2025-10-29,230.3,254.0,10.2909,UP
AMZN,2025-10-30,222.86,249.32,11.8729,UP
AMZN,2025-10-31,244.22,250.2,2.4486,UP
AMZN,2025-11-03,254.0,243.04,-4.315,DOWN
AMZN,2025-11-04,249.32,244.41,-1.9694,DOWN
AMZN,2025-11-05,250.2,248.4,-0.7194,NEUTRAL
AMZN,2025-11-06,243.04,249.1,2.4934,UP
AMZN,2025-11-07,244.41,244.2,-0.0859,NEUTRAL
AMZN,2025-11-10,248.4,237.58,-4.3559,DOWN
AMZN,2025-11-11,249.1,234.69,-5.7848,DOWN
AMZN,2025-11-12,244.2,232.87,-4.6396,DOWN
AMZN,2025-11-13,237.58,222.55,-6.3263,DOWN
AMZN,2025-11-14,234.69,222.69,-5.1131,DOWN
AMZN,2025-11-17,232.87,217.14,-6.7548,DOWN
AMZN,2025-11-18,222.55,220.69,-0.8358,NEUTRAL
AMZN,2025-11-19,222.69,226.28,1.6121,UP
AMZN,2025-11-20,217.14,229.67,5.7705,UP
AMZN,2025-11-21,220.69,229.16,3.838,UP
AMZN,2025-11-24,226.28,233.22,3.067,UP
AMZN,2025-11-25,229.67,233.88,1.8331,UP
AMZN,2025-11-26,229.16,234.42,2.2953,UP
AMZN,2025-11-28,233.22,232.38,-0.3602,NEUTRAL
AMZN,2025-12-01,233.88,229.11,-2.0395,DOWN
AMZN,2025-12-02,234.42,229.53,-2.086,DOWN
AMZN,2025-12-03,232.38,226.89,-2.3625,DOWN
AMZN,2025-12-04,229.11,227.92,-0.5194,NEUTRAL
AMZN,2025-12-05,229.53,231.78,0.9803,NEUTRAL
AMZN,2025-12-08,226.89,230.28,1.4941,UP
AMZN,2025-12-09,227.92,226.19,-0.759,NEUTRAL
AMZN,2025-12-10,231.78,222.54,-3.9865,DOWN
AMZN,2025-12-11,230.28,222.56,-3.3524,DOWN
AMZN,2025-12-12,226.19,221.27,-2.1752,DOWN
AMZN,2025-12-15,222.54,226.76,1.8963,UP
AMZN,2025-12-16,222.56,227.35,2.1522,UP
AMZN,2025-12-17,221.27,228.43,3.2359,UP
AMZN,2025-12-18,226.76,232.14,2.3726,UP
AMZN,2025-12-19,227.35,232.38,2.2124,UP
AMZN,2025-12-22,228.43,232.52,1.7905,UP
AMZN,2025-12-23,232.14,232.07,-0.0302,NEUTRAL
AMZN,2025-12-24,232.38,232.53,0.0645,NEUTRAL
AMZN,2025-12-26,232.52,230.82,-0.7311,NEUTRAL
AMZN,2025-12-29,232.07,226.5,-2.4001,DOWN
AMZN,2025-12-30,232.53,233.06,0.2279,NEUTRAL
AMZN,2025-12-31,230.82,240.93,4.38,UP
AMZN,2026-01-02,226.5,241.56,6.649,UP
AMZN,2026-01-05,233.06,246.29,5.6766,UP
AMZN,2026-01-06,240.93,247.38,2.6771,UP
AMZN,2026-01-07,241.56,246.47,2.0326,UP
AMZN,2026-01-08,246.29,242.6,-1.4982,DOWN
AMZN,2026-01-09,247.38,236.65,-4.3375,DOWN
AMZN,2026-01-12,246.47,238.18,-3.3635,DOWN
AMZN,2026-01-13,242.6,239.12,-1.4345,DOWN
AMZN,2026-01-14,236.65,231.0,-2.3875,DOWN
AMZN,2026-01-15,238.18,231.31,-2.8844,DOWN
AMZN,2026-01-16,239.12,234.34,-1.999,DOWN
AMZN,2026-01-20,231.0,239.16,3.5325,UP
AMZN,2026-01-21,231.31,238.42,3.0738,UP
AMZN,2026-01-22,234.34,244.68,4.4124,UP
AMZN,2026-01-23,239.16,243.01,1.6098,UP
AMZN,2026-01-26,238.42,241.73,1.3883,UP
AMZN,2026-01-27,244.68,239.3,-2.1988,DOWN
AMZN,2026-01-28,243.01,242.96,-0.0206,NEUTRAL
AMZN,2026-01-29,241.73,238.62,-1.2866,DOWN
AMZN,2026-01-30,239.3,232.99,-2.6369,DOWN
AMZN,2026-02-02,242.96,222.69,-8.3429,DOWN
AMZN,2026-02-03,238.62,210.32,-11.8599,DOWN
AMZN,2026-02-04,232.99,208.72,-10.4168,DOWN
AMZN,2026-02-05,222.69,206.96,-7.0636,DOWN
AMZN,2026-02-06,210.32,204.08,-2.9669,DOWN
AMZN,2026-02-09,208.72,199.6,-4.3695,DOWN
AMZN,2026-02-10,206.96,198.79,-3.9476,DOWN
AMZN,2026-02-11,204.08,201.15,-1.4357,DOWN
AMZN,2026-02-12,199.6,204.79,2.6002,UP
AMZN,2026-02-13,198.79,204.86,3.0535,UP
AMZN,2026-02-17,201.15,210.11,4.4544,UP
AMZN,2026-02-18,204.79,205.27,0.2344,NEUTRAL
AMZN,2026-02-19,204.86,208.56,1.8061,UP
AMZN,2026-02-20,210.11,210.64,0.2522,NEUTRAL
AMZN,2026-02-23,205.27,207.92,1.291,UP
AMZN,2026-02-24,208.56,210.0,0.6904,NEUTRAL
AMZN,2026-02-25,210.64,208.39,-1.0682,DOWN
AMZN,2026-02-26,207.92,208.73,0.3896,NEUTRAL
AMZN,2026-02-27,210.0,216.82,3.2476,UP
AMZN,2026-03-02,208.39,218.94,5.0626,UP
AMZN,2026-03-03,208.73,213.21,2.1463,UP
AMZN,2026-03-04,216.82,213.49,-1.5358,DOWN
AMZN,2026-03-05,218.94,214.33,-2.1056,DOWN
AMZN,2026-03-06,213.21,212.65,-0.2627,NEUTRAL
AMZN,2026-03-09,213.49,209.53,-1.8549,DOWN
AMZN,2026-03-10,214.33,207.67,-3.1074,DOWN
AMZN,2026-03-11,212.65,211.74,-0.4279,NEUTRAL
AMZN,2026-03-12,209.53,215.2,2.7061,UP
AMZN,2026-03-13,207.67,209.87,1.0594,UP
AMZN,2026-03-16,211.74,208.76,-1.4074,DOWN
AMZN,2026-03-17,215.2,205.37,-4.5678,DOWN
AMZN,2026-03-18,209.87,210.14,0.1287,NEUTRAL
AMZN,2026-03-19,208.76,207.24,-0.7281,NEUTRAL
AMZN,2026-03-20,205.37,211.71,3.0871,UP
AMZN,2026-03-23,210.14,207.54,-1.2373,DOWN
AMZN,2026-03-24,207.24,199.34,-3.812,DOWN
AMZN,2026-03-25,211.71,200.95,-5.0824,DOWN
AMZN,2026-03-26,207.54,208.27,0.3517,NEUTRAL
AMZN,2026-03-27,199.34,210.57,5.6336,UP
AMZN,2026-03-30,200.95,209.77,4.3892,UP
AMZN,2026-03-31,208.27,212.79,2.1703,UP
AMZN,2026-04-01,210.57,213.77,1.5197,UP
AMZN,2026-04-02,209.77,221.25,5.4727,UP
AMZN,2026-04-06,212.79,233.65,9.8031,UP
META,2025-07-01,717.53,716.67,-0.121,NEUTRAL
META,2025-07-02,711.9,718.98,0.995,NEUTRAL
META,2025-07-03,717.33,731.06,1.9151,UP
META,2025-07-07,716.67,725.54,1.2376,UP
META,2025-07-08,718.98,715.83,-0.4385,NEUTRAL
META,2025-07-09,731.06,719.23,-1.6185,DOWN
META,2025-07-10,725.54,708.73,-2.317,DOWN
META,2025-07-11,715.83,701.26,-2.0348,DOWN
META,2025-07-14,719.23,699.77,-2.7063,DOWN
META,2025-07-15,708.73,702.63,-0.8601,NEUTRAL
META,2025-07-16,701.26,711.3,1.4312,UP
META,2025-07-17,699.77,703.16,0.4847,NEUTRAL
META,2025-07-18,702.63,711.91,1.3205,UP
META,2025-07-21,711.3,713.13,0.2567,NEUTRAL
META,2025-07-22,703.16,711.01,1.1166,UP
META,2025-07-23,711.91,715.95,0.5676,NEUTRAL
META,2025-07-24,713.13,698.36,-2.0705,DOWN
META,2025-07-25,711.01,693.58,-2.4513,DOWN
META,2025-07-28,715.95,771.63,7.777,UP
META,2025-07-29,698.36,748.25,7.1443,UP
META,2025-07-30,693.58,774.55,11.6742,UP
META,2025-07-31,771.63,761.67,-1.2903,DOWN
META,2025-08-01,748.25,770.18,2.9306,UP
META,2025-08-04,774.55,760.04,-1.8728,DOWN
META,2025-08-05,761.67,767.5,0.7649,NEUTRAL
META,2025-08-06,770.18,764.08,-0.7928,NEUTRAL
META,2025-08-07,760.04,788.15,3.6977,UP
META,2025-08-08,767.5,778.25,1.4013,UP
META,2025-08-11,764.08,780.3,2.1231,UP
META,2025-08-12,788.15,783.39,-0.6038,NEUTRAL
META,2025-08-13,778.25,765.57,-1.6293,DOWN
META,2025-08-14,780.3,749.72,-3.9188,DOWN
META,2025-08-15,783.39,745.97,-4.7769,DOWN
META,2025-08-18,765.57,737.37,-3.684,DOWN
META,2025-08-19,749.72,753.02,0.4405,NEUTRAL
META,2025-08-20,745.97,751.53,0.7463,NEUTRAL
META,2025-08-21,737.37,752.33,2.0295,UP
META,2025-08-22,753.02,745.63,-0.9817,NEUTRAL
META,2025-08-25,751.53,749.35,-0.2907,NEUTRAL
META,2025-08-26,752.33,736.97,-2.0422,DOWN
META,2025-08-27,745.63,733.39,-1.6417,DOWN
META,2025-08-28,749.35,735.32,-1.8719,DOWN
META,2025-08-29,736.97,746.9,1.347,UP
META,2025-09-02,733.39,750.69,2.3588,UP
META,2025-09-03,735.32,750.54,2.0691,UP
META,2025-09-04,746.9,763.91,2.2774,UP
META,2025-09-05,750.69,750.22,-0.0625,NEUTRAL
META,2025-09-08,750.54,749.14,-0.1861,NEUTRAL
META,2025-09-09,763.91,753.82,-1.3204,DOWN
META,2025-09-10,750.22,762.91,1.6915,UP
META,2025-09-11,749.14,777.17,3.7422,UP
META,2025-09-12,753.82,773.9,2.6641,UP
META,2025-09-15,762.91,778.42,2.0335,UP
META,2025-09-16,777.17,776.56,-0.0796,NEUTRAL
META,2025-09-17,773.9,763.88,-1.2947,DOWN
META,2025-09-18,778.42,754.14,-3.1195,DOWN
META,2025-09-19,776.56,759.39,-2.2106,DOWN
META,2025-09-22,763.88,747.66,-2.1237,DOWN
META,2025-09-23,754.14,742.51,-1.5422,DOWN
META,2025-09-24,759.39,742.16,-2.2691,DOWN
META,2025-09-25,747.66,733.15,-1.9401,DOWN
META,2025-09-26,742.51,716.14,-3.5509,DOWN
META,2025-09-29,742.16,725.84,-2.1994,DOWN
META,2025-09-30,733.15,709.37,-3.2436,DOWN
META,2025-10-01,716.14,714.47,-0.2342,NEUTRAL
META,2025-10-02,725.84,711.89,-1.9215,DOWN
META,2025-10-03,709.37,716.64,1.0245,UP
META,2025-10-06,714.47,732.29,2.4942,UP
META,2025-10-07,711.89,704.12,-1.091,DOWN
META,2025-10-08,716.64,714.51,-0.2981,NEUTRAL
META,2025-10-09,732.29,707.47,-3.3892,DOWN
META,2025-10-10,704.12,716.35,1.7369,UP
META,2025-10-13,714.51,710.88,-0.5072,NEUTRAL
META,2025-10-14,707.47,715.72,1.167,UP
META,2025-10-15,716.35,730.95,2.0375,UP
META,2025-10-16,710.88,732.05,2.9772,UP
META,2025-10-17,715.72,732.19,2.3001,UP
META,2025-10-20,730.95,732.77,0.2499,NEUTRAL
META,2025-10-21,732.05,737.13,0.6941,NEUTRAL
META,2025-10-22,732.19,749.57,2.3738,UP
META,2025-10-23,732.77,750.19,2.376,UP
META,2025-10-24,737.13,750.41,1.8026,UP
META,2025-10-27,749.57,665.36,-11.2344,DOWN
META,2025-10-28,750.19,647.27,-13.719,DOWN
META,2025-10-29,750.41,636.65,-15.1609,DOWN
META,2025-10-30,665.36,626.27,-5.8742,DOWN
META,2025-10-31,647.27,634.89,-1.9125,DOWN
META,2025-11-03,636.65,617.91,-2.9434,DOWN
META,2025-11-04,626.27,620.67,-0.8943,NEUTRAL
META,2025-11-05,634.89,630.71,-0.6589,NEUTRAL
META,2025-11-06,617.91,626.03,1.3152,UP
META,2025-11-07,620.67,607.99,-2.0427,DOWN
META,2025-11-10,630.71,608.87,-3.4618,DOWN
META,2025-11-11,626.03,608.44,-2.8098,DOWN
META,2025-11-12,607.99,601.0,-1.1494,DOWN
META,2025-11-13,608.87,596.69,-2.0004,DOWN
META,2025-11-14,608.44,589.33,-3.1405,DOWN
META,2025-11-17,601.0,588.17,-2.1362,DOWN
META,2025-11-18,596.69,593.26,-0.5756,NEUTRAL
META,2025-11-19,589.33,612.03,3.8505,UP
META,2025-11-20,588.17,635.16,7.9895,UP
META,2025-11-21,593.26,632.55,6.6235,UP
META,2025-11-24,612.03,646.87,5.6928,UP
META,2025-11-25,635.16,639.8,0.7309,NEUTRAL
META,2025-11-26,632.55,646.02,2.1291,UP
META,2025-11-28,646.87,638.53,-1.2887,DOWN
META,2025-12-01,639.8,660.43,3.2238,UP
META,2025-12-02,646.02,672.3,4.0674,UP
META,2025-12-03,638.53,665.69,4.2527,UP
META,2025-12-04,660.43,655.86,-0.6908,NEUTRAL
META,2025-12-05,672.3,649.04,-3.4585,DOWN
META,2025-12-08,665.69,651.62,-2.1131,DOWN
META,2025-12-09,655.86,643.15,-1.9377,DOWN
META,2025-12-10,649.04,646.96,-0.3218,NEUTRAL
META,2025-12-11,651.62,656.59,0.7624,NEUTRAL
META,2025-12-12,643.15,648.94,0.9003,NEUTRAL
META,2025-12-15,646.96,663.88,2.6162,UP
META,2025-12-16,656.59,658.21,0.2465,NEUTRAL
META,2025-12-17,648.94,660.93,1.8476,UP
META,2025-12-18,663.88,664.37,0.0737,NEUTRAL
META,2025-12-19,658.21,666.98,1.3328,UP
META,2025-12-22,660.93,662.72,0.2706,NEUTRAL
META,2025-12-23,664.37,658.13,-0.9399,NEUTRAL
META,2025-12-24,666.98,665.38,-0.2397,NEUTRAL
META,2025-12-26,662.72,659.53,-0.4824,NEUTRAL
META,2025-12-29,658.13,649.85,-1.257,DOWN
META,2025-12-30,665.38,658.23,-1.0752,DOWN
META,2025-12-31,659.53,660.05,0.0803,NEUTRAL
META,2026-01-02,649.85,648.14,-0.2644,NEUTRAL
META,2026-01-05,658.23,645.51,-1.9323,DOWN
META,2026-01-06,660.05,652.5,-1.1444,DOWN
META,2026-01-07,648.14,641.42,-1.0359,DOWN
META,2026-01-08,645.51,630.55,-2.3171,DOWN
META,2026-01-09,652.5,614.99,-5.7483,DOWN
META,2026-01-12,641.42,620.27,-3.2977,DOWN
META,2026-01-13,630.55,619.72,-1.7177,DOWN
META,2026-01-14,614.99,603.6,-1.8521,DOWN
META,2026-01-15,620.27,612.44,-1.2629,DOWN
META,2026-01-16,619.72,647.08,4.4143,UP
META,2026-01-20,603.6,658.2,9.0446,UP
META,2026-01-21,612.44,671.78,9.6907,UP
META,2026-01-22,647.08,672.39,3.9127,UP
META,2026-01-23,658.2,668.16,1.5134,UP
META,2026-01-26,671.78,737.68,9.8087,UP
META,2026-01-27,672.39,715.89,6.4683,UP
META,2026-01-28,668.16,705.81,5.6346,UP
META,2026-01-29,737.68,691.11,-6.3131,DOWN
META,2026-01-30,715.89,668.42,-6.6308,DOWN
META,2026-02-02,705.81,669.64,-5.1245,DOWN
META,2026-02-03,691.11,660.89,-4.3718,DOWN
META,2026-02-04,668.42,676.64,1.2302,UP
META,2026-02-05,669.64,670.15,0.0761,NEUTRAL
META,2026-02-06,660.89,668.12,1.093,UP
META,2026-02-09,676.64,649.25,-4.0474,DOWN
META,2026-02-10,670.15,639.22,-4.6144,DOWN
META,2026-02-11,668.12,638.74,-4.3967,DOWN
META,2026-02-12,649.25,642.67,-1.0142,DOWN
META,2026-02-13,639.22,644.23,0.7831,NEUTRAL
META,2026-02-17,638.74,655.1,2.5607,UP
META,2026-02-18,642.67,636.7,-0.9281,NEUTRAL
META,2026-02-19,644.23,638.75,-0.8499,NEUTRAL
META,2026-02-20,655.1,653.13,-0.3005,NEUTRAL
META,2026-02-23,636.7,656.45,3.1008,UP
META,2026-02-24,638.75,647.63,1.389,UP
META,2026-02-25,653.13,653.0,-0.0199,NEUTRAL
META,2026-02-26,656.45,654.52,-0.2938,NEUTRAL
META,2026-02-27,647.63,667.16,3.0161,UP
META,2026-03-02,653.0,660.0,1.0726,UP
META,2026-03-03,654.52,644.31,-1.5601,DOWN
META,2026-03-04,667.16,646.84,-3.0461,DOWN
META,2026-03-05,660.0,653.51,-0.984,NEUTRAL
META,2026-03-06,644.31,654.3,1.5507,UP
META,2026-03-09,646.84,637.63,-1.4226,DOWN
META,2026-03-10,653.51,613.18,-6.1706,DOWN
META,2026-03-11,654.3,627.45,-4.1036,DOWN
META,2026-03-12,637.63,622.66,-2.3484,DOWN
META,2026-03-13,613.18,615.68,0.4069,NEUTRAL
META,2026-03-16,627.45,606.7,-3.307,DOWN
META,2026-03-17,622.66,593.66,-4.6574,DOWN
META,2026-03-18,615.68,604.06,-1.8873,DOWN
META,2026-03-19,606.7,592.92,-2.2713,DOWN
META,2026-03-20,593.66,594.89,0.2072,NEUTRAL
META,2026-03-23,604.06,547.54,-9.3567,DOWN
META,2026-03-24,592.92,525.72,-11.3337,DOWN
META,2026-03-25,594.89,536.38,-9.8354,DOWN
META,2026-03-26,547.54,572.13,4.491,UP
META,2026-03-27,525.72,579.23,10.1784,UP
META,2026-03-30,536.38,574.46,7.0994,UP
META,2026-03-31,572.13,573.02,0.1556,NEUTRAL
META,2026-04-01,579.23,575.05,-0.7216,NEUTRAL
META,2026-04-02,574.46,612.42,6.6079,UP
META,2026-04-06,573.02,628.39,9.6628,UP
JPM,2025-07-01,284.87,287.78,1.0215,UP
JPM,2025-07-02,286.43,278.72,-2.691,DOWN
JPM,2025-07-03,291.75,279.1,-4.3378,DOWN
JPM,2025-07-07,287.78,284.05,-1.2946,DOWN
JPM,2025-07-08,278.72,282.74,1.4428,UP
JPM,2025-07-09,279.1,284.56,1.9565,UP
JPM,2025-07-10,284.05,282.44,-0.5691,NEUTRAL
JPM,2025-07-11,282.74,281.72,-0.3625,NEUTRAL
JPM,2025-07-14,284.56,285.74,0.4157,NEUTRAL
JPM,2025-07-15,282.44,287.09,1.6472,UP
JPM,2025-07-16,281.72,286.79,1.8018,UP
JPM,2025-07-17,285.74,287.25,0.5278,NEUTRAL
JPM,2025-07-18,287.09,292.5,1.8849,UP
JPM,2025-07-21,286.79,292.29,1.9177,UP
JPM,2025-07-22,287.25,294.33,2.4671,UP
JPM,2025-07-23,292.5,294.0,0.5122,NEUTRAL
JPM,2025-07-24,292.29,292.78,0.1652,NEUTRAL
JPM,2025-07-25,294.33,295.33,0.3382,NEUTRAL
JPM,2025-07-28,294.0,291.99,-0.6839,NEUTRAL
JPM,2025-07-29,292.78,285.22,-2.5821,DOWN
JPM,2025-07-30,295.33,290.04,-1.7922,DOWN
JPM,2025-07-31,291.99,287.19,-1.6439,DOWN
JPM,2025-08-01,285.22,287.17,0.6842,NEUTRAL
JPM,2025-08-04,290.04,282.82,-2.4876,DOWN
JPM,2025-08-05,287.19,284.62,-0.8958,NEUTRAL
JPM,2025-08-06,287.17,285.4,-0.6144,NEUTRAL
JPM,2025-08-07,282.82,288.65,2.0597,UP
JPM,2025-08-08,284.62,286.36,0.613,NEUTRAL
JPM,2025-08-11,285.4,289.94,1.5886,UP
JPM,2025-08-12,288.65,286.32,-0.8059,NEUTRAL
JPM,2025-08-13,286.36,287.35,0.3442,NEUTRAL
JPM,2025-08-14,289.94,286.49,-1.1898,DOWN
JPM,2025-08-15,286.32,288.05,0.6024,NEUTRAL
JPM,2025-08-18,287.35,287.29,-0.0206,NEUTRAL
JPM,2025-08-19,286.49,291.99,1.9198,UP
JPM,2025-08-20,288.05,290.67,0.9102,NEUTRAL
JPM,2025-08-21,287.29,294.29,2.4359,UP
JPM,2025-08-22,291.99,294.98,1.0262,UP
JPM,2025-08-25,290.67,296.75,2.0922,UP
JPM,2025-08-26,294.29,297.09,0.9546,NEUTRAL
JPM,2025-08-27,294.98,295.4,0.1403,NEUTRAL
JPM,2025-08-28,296.75,295.21,-0.5182,NEUTRAL
JPM,2025-08-29,297.09,299.46,0.7962,NEUTRAL
JPM,2025-09-02,295.4,290.16,-1.7751,DOWN
JPM,2025-09-03,295.21,288.71,-2.2036,DOWN
JPM,2025-09-04,299.46,293.58,-1.965,DOWN
JPM,2025-09-05,290.16,296.23,2.0925,UP
JPM,2025-09-08,288.71,301.17,4.3187,UP
JPM,2025-09-09,293.58,302.51,3.0418,UP
JPM,2025-09-10,296.23,304.47,2.7816,UP
JPM,2025-09-11,301.17,304.75,1.188,UP
JPM,2025-09-12,302.51,307.28,1.577,UP
JPM,2025-09-15,304.47,308.73,1.4018,UP
JPM,2025-09-16,304.75,310.26,1.808,UP
JPM,2025-09-17,307.28,307.96,0.2213,NEUTRAL
JPM,2025-09-18,308.73,308.25,-0.1564,NEUTRAL
JPM,2025-09-19,310.26,308.92,-0.432,NEUTRAL
JPM,2025-09-22,307.96,308.95,0.3233,NEUTRAL
JPM,2025-09-23,308.25,311.52,1.0616,UP
JPM,2025-09-24,308.92,311.16,0.7243,NEUTRAL
JPM,2025-09-25,308.95,310.9,0.6317,NEUTRAL
JPM,2025-09-26,311.52,306.25,-1.6927,DOWN
JPM,2025-09-29,311.16,303.14,-2.5785,DOWN
JPM,2025-09-30,310.9,305.58,-1.7119,DOWN
JPM,2025-10-01,306.25,306.22,-0.0086,NEUTRAL
JPM,2025-10-02,303.14,304.75,0.5319,NEUTRAL
JPM,2025-10-03,305.58,301.12,-1.4585,DOWN
JPM,2025-10-06,306.22,302.61,-1.1805,DOWN
JPM,2025-10-07,304.75,298.01,-2.21,DOWN
JPM,2025-10-08,301.12,305.03,1.2959,UP
JPM,2025-10-09,302.61,299.19,-1.1292,DOWN
JPM,2025-10-10,298.01,302.77,1.5953,UP
JPM,2025-10-13,305.03,295.69,-3.062,DOWN
JPM,2025-10-14,299.19,294.72,-1.4963,DOWN
JPM,2025-10-15,302.77,299.47,-1.0893,DOWN
JPM,2025-10-16,295.69,294.25,-0.4857,NEUTRAL
JPM,2025-10-17,294.72,291.3,-1.1594,DOWN
JPM,2025-10-20,299.47,291.72,-2.5863,DOWN
JPM,2025-10-21,294.25,297.57,1.1276,UP
JPM,2025-10-22,291.3,301.24,3.4137,UP
JPM,2025-10-23,291.72,302.44,3.6735,UP
JPM,2025-10-24,297.57,302.59,1.6875,UP
JPM,2025-10-27,301.24,306.48,1.7393,UP
JPM,2025-10-28,302.44,308.15,1.8863,UP
JPM,2025-10-29,302.59,306.39,1.2569,UP
JPM,2025-10-30,306.48,306.29,-0.0614,NEUTRAL
JPM,2025-10-31,308.15,308.7,0.18,NEUTRAL
JPM,2025-11-03,306.39,310.42,1.3157,UP
JPM,2025-11-04,306.29,311.21,1.6039,UP
JPM,2025-11-05,308.7,313.86,1.6716,UP
JPM,2025-11-06,310.42,312.6,0.7019,NEUTRAL
JPM,2025-11-07,311.21,317.35,1.9732,UP
JPM,2025-11-10,313.86,306.52,-2.3384,DOWN
JPM,2025-11-11,312.6,300.71,-3.8052,DOWN
JPM,2025-11-12,317.35,297.5,-6.2545,DOWN
JPM,2025-11-13,306.52,296.55,-3.2539,DOWN
JPM,2025-11-14,300.71,300.37,-0.112,NEUTRAL
JPM,2025-11-17,297.5,295.53,-0.6625,NEUTRAL
JPM,2025-11-18,296.55,295.17,-0.4643,NEUTRAL
JPM,2025-11-19,300.37,295.15,-1.7377,DOWN
JPM,2025-11-20,295.53,300.1,1.5484,UP
JPM,2025-11-21,295.17,304.7,3.228,UP
JPM,2025-11-24,295.15,310.09,5.0604,UP
JPM,2025-11-25,300.1,305.97,1.9538,UP
JPM,2025-11-26,304.7,304.94,0.078,NEUTRAL
JPM,2025-11-28,310.09,309.15,-0.3034,NEUTRAL
JPM,2025-12-01,305.97,313.08,2.3242,UP
JPM,2025-12-02,304.94,312.03,2.3256,UP
JPM,2025-12-03,309.15,312.2,0.9868,NEUTRAL
JPM,2025-12-04,313.08,297.64,-4.932,DOWN
JPM,2025-12-05,312.03,307.15,-1.5649,DOWN
JPM,2025-12-08,312.2,314.35,0.6884,NEUTRAL
JPM,2025-12-09,297.64,315.48,5.9931,UP
JPM,2025-12-10,307.15,316.96,3.1957,UP
JPM,2025-12-11,314.35,312.53,-0.5766,NEUTRAL
JPM,2025-12-12,315.48,311.97,-1.1114,DOWN
JPM,2025-12-15,316.96,310.01,-2.1936,DOWN
JPM,2025-12-16,312.53,314.18,0.5261,NEUTRAL
JPM,2025-12-17,311.97,320.0,2.5748,UP
JPM,2025-12-18,310.01,322.81,4.131,UP
JPM,2025-12-19,314.18,326.02,3.7704,UP
JPM,2025-12-22,320.0,324.78,1.4919,UP
JPM,2025-12-23,322.81,320.66,-0.6689,NEUTRAL
JPM,2025-12-24,326.02,320.33,-1.7468,DOWN
JPM,2025-12-26,324.78,319.14,-1.7352,DOWN
JPM,2025-12-29,320.66,322.37,0.5344,NEUTRAL
JPM,2025-12-30,320.33,330.85,3.2837,UP
JPM,2025-12-31,319.14,332.91,4.3136,UP
JPM,2026-01-02,322.37,325.33,0.9171,NEUTRAL
JPM,2026-01-05,330.85,328.11,-0.827,NEUTRAL
JPM,2026-01-06,332.91,327.51,-1.6198,DOWN
JPM,2026-01-07,325.33,322.84,-0.7646,NEUTRAL
JPM,2026-01-08,328.11,309.32,-5.7279,DOWN
JPM,2026-01-09,327.51,306.3,-6.4765,DOWN
JPM,2026-01-12,322.84,307.69,-4.6935,DOWN
JPM,2026-01-13,309.32,310.88,0.505,NEUTRAL
JPM,2026-01-14,306.3,301.2,-1.6663,DOWN
JPM,2026-01-15,307.69,300.5,-2.3346,DOWN
JPM,2026-01-16,310.88,302.08,-2.8291,DOWN
JPM,2026-01-20,301.2,296.2,-1.6582,DOWN
JPM,2026-01-21,300.5,299.51,-0.3311,NEUTRAL
JPM,2026-01-22,302.08,298.78,-1.0934,DOWN
JPM,2026-01-23,296.2,299.24,1.0244,UP
JPM,2026-01-26,299.51,304.86,1.7871,UP
JPM,2026-01-27,298.78,304.33,1.8581,UP
JPM,2026-01-28,299.24,306.57,2.4504,UP
JPM,2026-01-29,304.86,313.25,2.7511,UP
JPM,2026-01-30,304.33,315.65,3.7203,UP
JPM,2026-02-02,306.57,308.58,0.6555,NEUTRAL
JPM,2026-02-03,313.25,320.76,2.398,UP
JPM,2026-02-04,315.65,320.46,1.5224,UP
JPM,2026-02-05,308.58,316.66,2.618,UP
JPM,2026-02-06,320.76,309.24,-3.5918,DOWN
JPM,2026-02-09,320.46,301.1,-6.0416,DOWN
JPM,2026-02-10,316.66,301.01,-4.9422,DOWN
JPM,2026-02-11,309.24,305.57,-1.1872,DOWN
JPM,2026-02-12,301.1,307.21,2.0288,UP
JPM,2026-02-13,301.01,306.48,1.8179,UP
JPM,2026-02-17,305.57,309.21,1.1917,UP
JPM,2026-02-18,307.21,296.15,-3.598,DOWN
JPM,2026-02-19,306.48,295.79,-3.4897,DOWN
JPM,2026-02-20,309.21,301.76,-2.41,DOWN
JPM,2026-02-23,296.15,304.57,2.8421,UP
JPM,2026-02-24,295.79,298.77,1.0091,UP
JPM,2026-02-25,301.76,296.04,-1.8925,DOWN
JPM,2026-02-26,304.57,298.73,-1.9175,DOWN
JPM,2026-02-27,298.77,297.87,-0.303,NEUTRAL
JPM,2026-03-02,296.04,292.06,-1.3476,DOWN
JPM,2026-03-03,298.73,288.01,-3.5902,DOWN
JPM,2026-03-04,297.87,288.44,-3.1631,DOWN
JPM,2026-03-05,292.06,287.26,-1.642,DOWN
JPM,2026-03-06,288.01,286.06,-0.6771,NEUTRAL
JPM,2026-03-09,288.44,281.45,-2.4248,DOWN
JPM,2026-03-10,287.26,282.0,-1.8322,DOWN
JPM,2026-03-11,286.06,284.7,-0.473,NEUTRAL
JPM,2026-03-12,281.45,285.43,1.414,UP
JPM,2026-03-13,282.0,286.27,1.5171,UP
JPM,2026-03-16,284.7,286.5,0.6325,NEUTRAL
JPM,2026-03-17,285.43,285.1,-0.115,NEUTRAL
JPM,2026-03-18,286.27,288.43,0.7542,NEUTRAL
JPM,2026-03-19,286.5,290.91,1.5384,UP
JPM,2026-03-20,285.1,293.92,3.0919,UP
JPM,2026-03-23,288.43,290.17,0.6036,NEUTRAL
JPM,2026-03-24,290.91,281.4,-3.2695,DOWN
JPM,2026-03-25,293.92,282.33,-3.9435,DOWN
JPM,2026-03-26,290.17,292.66,0.8572,NEUTRAL
JPM,2026-03-27,281.4,293.88,4.4336,UP
JPM,2026-03-30,282.33,293.1,3.8165,UP
JPM,2026-03-31,292.66,295.45,0.9526,NEUTRAL
JPM,2026-04-01,293.88,297.4,1.1991,UP
JPM,2026-04-02,293.1,307.97,5.0734,UP
JPM,2026-04-06,295.45,310.33,5.0364,UP
XOM,2025-07-01,106.58,108.41,1.7118,UP
XOM,2025-07-02,108.35,111.41,2.8276,UP
XOM,2025-07-03,109.47,111.03,1.426,UP
XOM,2025-07-07,108.41,112.14,3.438,UP
XOM,2025-07-08,111.41,112.62,1.0859,UP
XOM,2025-07-09,111.03,111.15,0.1054,NEUTRAL
XOM,2025-07-10,112.14,110.16,-1.7576,DOWN
XOM,2025-07-11,112.62,109.5,-2.7722,DOWN
XOM,2025-07-14,111.15,108.95,-1.9839,DOWN
XOM,2025-07-15,110.16,105.15,-4.5523,DOWN
XOM,2025-07-16,109.5,105.42,-3.7245,DOWN
XOM,2025-07-17,108.95,105.9,-2.7942,DOWN
XOM,2025-07-18,105.15,107.26,2.0043,UP
XOM,2025-07-21,105.42,108.1,2.5359,UP
XOM,2025-07-22,105.9,107.72,1.7137,UP
XOM,2025-07-23,107.26,108.73,1.3736,UP
XOM,2025-07-24,108.1,110.14,1.8864,UP
XOM,2025-07-25,107.72,109.18,1.3587,UP
XOM,2025-07-28,108.73,108.93,0.1795,NEUTRAL
XOM,2025-07-29,110.14,106.97,-2.8703,DOWN
XOM,2025-07-30,109.18,104.76,-4.0483,DOWN
XOM,2025-07-31,108.93,104.63,-3.9412,DOWN
XOM,2025-08-01,106.97,103.92,-2.8548,DOWN
XOM,2025-08-04,104.76,103.37,-1.3225,DOWN
XOM,2025-08-05,104.63,104.2,-0.4103,NEUTRAL
XOM,2025-08-06,103.92,103.26,-0.6384,NEUTRAL
XOM,2025-08-07,103.37,103.55,0.1699,NEUTRAL
XOM,2025-08-08,104.2,104.98,0.7491,NEUTRAL
XOM,2025-08-11,103.26,104.77,1.4646,UP
XOM,2025-08-12,103.55,104.87,1.2729,UP
XOM,2025-08-13,104.98,105.09,0.1051,NEUTRAL
XOM,2025-08-14,104.77,105.78,0.9681,NEUTRAL
XOM,2025-08-15,104.87,106.88,1.9157,UP
XOM,2025-08-18,105.09,107.57,2.352,UP
XOM,2025-08-19,105.78,109.58,3.5934,UP
XOM,2025-08-20,106.88,110.04,2.9577,UP
XOM,2025-08-21,107.57,109.79,2.069,UP
XOM,2025-08-22,109.58,111.03,1.321,UP
XOM,2025-08-25,110.04,111.62,1.4409,UP
XOM,2025-08-26,109.79,112.55,2.5114,UP
XOM,2025-08-27,111.03,112.94,1.7206,UP
XOM,2025-08-28,111.62,110.21,-1.2704,DOWN
XOM,2025-08-29,112.55,110.69,-1.6537,DOWN
XOM,2025-09-02,112.94,107.57,-4.7607,DOWN
XOM,2025-09-03,110.21,108.18,-1.8408,DOWN
XOM,2025-09-04,110.69,108.96,-1.5569,DOWN
XOM,2025-09-05,107.57,110.79,2.9937,UP
XOM,2025-09-08,108.18,110.43,2.0847,UP
XOM,2025-09-09,108.96,110.45,1.3647,UP
XOM,2025-09-10,110.79,110.64,-0.1333,NEUTRAL
XOM,2025-09-11,110.43,112.93,2.265,UP
XOM,2025-09-12,110.45,113.53,2.7907,UP
XOM,2025-09-15,110.64,112.19,1.4063,UP
XOM,2025-09-16,112.93,111.1,-1.6219,DOWN
XOM,2025-09-17,113.53,110.31,-2.8363,DOWN
XOM,2025-09-18,112.19,112.21,0.0176,NEUTRAL
XOM,2025-09-19,111.1,112.81,1.5423,UP
XOM,2025-09-22,110.31,113.83,3.1869,UP
XOM,2025-09-23,112.21,115.43,2.8697,UP
XOM,2025-09-24,112.81,112.48,-0.2968,NEUTRAL
XOM,2025-09-25,113.83,111.03,-2.457,DOWN
XOM,2025-09-26,115.43,110.28,-4.4617,DOWN
XOM,2025-09-29,112.48,109.59,-2.5652,DOWN
XOM,2025-09-30,111.03,111.53,0.4523,NEUTRAL
XOM,2025-10-01,110.28,112.46,1.9734,UP
XOM,2025-10-02,109.59,112.52,2.6687,UP
XOM,2025-10-03,111.53,112.28,0.671,NEUTRAL
XOM,2025-10-06,112.46,111.19,-1.1296,DOWN
XOM,2025-10-07,112.52,109.04,-3.0894,DOWN
XOM,2025-10-08,112.28,110.53,-1.5611,DOWN
XOM,2025-10-09,111.19,110.58,-0.5491,NEUTRAL
XOM,2025-10-10,109.04,109.91,0.7947,NEUTRAL
XOM,2025-10-13,110.53,108.95,-1.4255,DOWN
XOM,2025-10-14,110.58,110.53,-0.0445,NEUTRAL
XOM,2025-10-15,109.91,110.98,0.9766,NEUTRAL
XOM,2025-10-16,108.95,110.99,1.8709,UP
XOM,2025-10-17,110.53,112.96,2.2006,UP
XOM,2025-10-20,110.98,114.21,2.9104,UP
XOM,2025-10-21,110.99,113.63,2.3778,UP
XOM,2025-10-22,112.96,114.17,1.0723,UP
XOM,2025-10-23,114.21,113.28,-0.8191,NEUTRAL
XOM,2025-10-24,113.63,114.68,0.9186,NEUTRAL
XOM,2025-10-27,114.17,112.94,-1.0781,DOWN
XOM,2025-10-28,113.28,112.62,-0.5825,NEUTRAL
XOM,2025-10-29,114.68,112.03,-2.31,DOWN
XOM,2025-10-30,112.94,112.4,-0.4796,NEUTRAL
XOM,2025-10-31,112.62,111.95,-0.5946,NEUTRAL
XOM,2025-11-03,112.03,112.76,0.6505,NEUTRAL
XOM,2025-11-04,112.4,115.43,2.6984,UP
XOM,2025-11-05,111.95,116.42,3.9937,UP
XOM,2025-11-06,112.76,117.96,4.6113,UP
XOM,2025-11-07,115.43,116.32,0.7678,NEUTRAL
XOM,2025-11-10,116.42,116.98,0.4822,NEUTRAL
XOM,2025-11-11,117.96,118.5,0.462,NEUTRAL
XOM,2025-11-12,116.32,116.9,0.4989,NEUTRAL
XOM,2025-11-13,116.98,118.24,1.0785,UP
XOM,2025-11-14,118.5,116.57,-1.6263,DOWN
XOM,2025-11-17,116.9,116.25,-0.5608,NEUTRAL
XOM,2025-11-18,118.24,116.3,-1.6382,DOWN
XOM,2025-11-19,116.57,115.2,-1.176,DOWN
XOM,2025-11-20,116.25,113.75,-2.1449,DOWN
XOM,2025-11-21,116.3,114.01,-1.973,DOWN
XOM,2025-11-24,115.2,115.15,-0.0431,NEUTRAL
XOM,2025-11-25,113.75,115.86,1.8514,UP
XOM,2025-11-26,114.01,114.62,0.5315,NEUTRAL
XOM,2025-11-28,115.15,117.02,1.6218,UP
XOM,2025-12-01,115.86,116.36,0.4373,NEUTRAL
XOM,2025-12-02,114.62,115.77,1.0054,UP
XOM,2025-12-03,117.02,115.21,-1.545,DOWN
XOM,2025-12-04,116.36,117.47,0.9476,NEUTRAL
XOM,2025-12-05,115.77,118.75,2.5742,UP
XOM,2025-12-08,115.21,118.75,3.0695,UP
XOM,2025-12-09,117.47,118.03,0.482,NEUTRAL
XOM,2025-12-10,118.75,116.98,-1.489,DOWN
XOM,2025-12-11,118.75,113.92,-4.0656,DOWN
XOM,2025-12-12,118.03,116.63,-1.1867,DOWN
XOM,2025-12-15,116.98,115.77,-1.036,DOWN
XOM,2025-12-16,113.92,115.92,1.7527,UP
XOM,2025-12-17,116.63,117.37,0.6303,NEUTRAL
XOM,2025-12-18,115.77,118.63,2.4712,UP
XOM,2025-12-19,115.92,118.43,2.1681,UP
XOM,2025-12-22,117.37,118.32,0.8125,NEUTRAL
XOM,2025-12-23,118.63,119.73,0.9295,NEUTRAL
XOM,2025-12-24,118.43,120.19,1.4846,UP
XOM,2025-12-26,118.32,119.54,1.0327,UP
XOM,2025-12-29,119.73,121.84,1.7589,UP
XOM,2025-12-30,120.19,124.53,3.6119,UP
XOM,2025-12-31,119.54,120.25,0.59,NEUTRAL
XOM,2026-01-02,121.84,117.71,-3.3918,DOWN
XOM,2026-01-05,124.53,122.1,-1.9544,DOWN
XOM,2026-01-06,120.25,123.78,2.9409,UP
XOM,2026-01-07,117.71,123.21,4.6755,UP
XOM,2026-01-08,122.1,125.7,2.9534,UP
XOM,2026-01-09,123.78,129.34,4.486,UP
XOM,2026-01-12,123.21,128.28,4.1119,UP
XOM,2026-01-13,125.7,129.03,2.6474,UP
XOM,2026-01-14,129.34,129.6,0.1997,NEUTRAL
XOM,2026-01-15,128.28,132.73,3.4694,UP
XOM,2026-01-16,129.03,132.76,2.8871,UP
XOM,2026-01-20,129.6,134.08,3.457,UP
XOM,2026-01-21,132.73,133.95,0.9206,NEUTRAL
XOM,2026-01-22,132.76,135.92,2.387,UP
XOM,2026-01-23,134.08,136.67,1.9338,UP
XOM,2026-01-26,133.95,139.58,4.205,UP
XOM,2026-01-27,135.92,140.46,3.3399,UP
XOM,2026-01-28,136.67,137.48,0.596,NEUTRAL
XOM,2026-01-29,139.58,142.78,2.2916,UP
XOM,2026-01-30,140.46,146.61,4.3777,UP
XOM,2026-02-02,137.48,145.11,5.5491,UP
XOM,2026-02-03,142.78,148.06,3.7014,UP
XOM,2026-02-04,146.61,150.21,2.4527,UP
XOM,2026-02-05,145.11,150.59,3.7719,UP
XOM,2026-02-06,148.06,154.53,4.3677,UP
XOM,2026-02-09,150.21,149.93,-0.1856,NEUTRAL
XOM,2026-02-10,150.59,148.45,-1.4186,DOWN
XOM,2026-02-11,154.53,146.19,-5.397,DOWN
XOM,2026-02-12,149.93,150.68,0.5002,NEUTRAL
XOM,2026-02-13,148.45,150.97,1.6975,UP
XOM,2026-02-17,146.19,147.28,0.7456,NEUTRAL
XOM,2026-02-18,150.68,150.76,0.0531,NEUTRAL
XOM,2026-02-19,150.97,149.26,-1.1327,DOWN
XOM,2026-02-20,147.28,149.06,1.2086,UP
XOM,2026-02-23,150.76,148.54,-1.4725,DOWN
XOM,2026-02-24,149.26,152.5,2.1707,UP
XOM,2026-02-25,149.06,154.22,3.4617,UP
XOM,2026-02-26,148.54,151.83,2.2149,UP
XOM,2026-02-27,152.5,149.82,-1.7574,DOWN
XOM,2026-03-02,154.22,150.76,-2.2436,DOWN
XOM,2026-03-03,151.83,151.21,-0.4083,NEUTRAL
XOM,2026-03-04,149.82,150.44,0.4138,NEUTRAL
XOM,2026-03-05,150.76,148.13,-1.7445,DOWN
XOM,2026-03-06,151.21,151.58,0.2447,NEUTRAL
XOM,2026-03-09,150.44,153.53,2.054,UP
XOM,2026-03-10,148.13,156.12,5.3939,UP
XOM,2026-03-11,151.58,157.23,3.7274,UP
XOM,2026-03-12,153.53,158.81,3.4391,UP
XOM,2026-03-13,156.12,157.59,0.9416,NEUTRAL
XOM,2026-03-16,157.23,158.16,0.5915,NEUTRAL
XOM,2026-03-17,158.81,159.67,0.5415,NEUTRAL
XOM,2026-03-18,157.59,161.13,2.2463,UP
XOM,2026-03-19,158.16,165.38,4.565,UP
XOM,2026-03-20,159.67,163.26,2.2484,UP
XOM,2026-03-23,161.13,165.43,2.6686,UP
XOM,2026-03-24,165.38,170.99,3.3922,UP
XOM,2026-03-25,163.26,171.47,5.0288,UP
XOM,2026-03-26,165.43,169.66,2.557,UP
XOM,2026-03-27,170.99,160.78,-5.9711,DOWN
XOM,2026-03-30,171.47,160.69,-6.2868,DOWN
XOM,2026-03-31,169.66,163.37,-3.7074,DOWN
XOM,2026-04-01,160.78,163.91,1.9468,UP
XOM,2026-04-02,160.69,156.22,-2.7818,DOWN
XOM,2026-04-06,163.37,155.04,-5.0989,DOWN
WMT,2025-07-01,97.61,98.71,1.1299,UP
WMT,2025-07-02,96.99,96.47,-0.5327,NEUTRAL
WMT,2025-07-03,97.73,96.19,-1.5758,DOWN
WMT,2025-07-07,98.71,94.25,-4.5194,DOWN
WMT,2025-07-08,96.47,93.8,-2.7706,DOWN
WMT,2025-07-09,96.19,95.17,-1.0639,DOWN
WMT,2025-07-10,94.25,94.78,0.5587,NEUTRAL
WMT,2025-07-11,93.8,94.54,0.7945,NEUTRAL
WMT,2025-07-14,95.17,94.48,-0.7204,NEUTRAL
WMT,2025-07-15,94.78,94.44,-0.3564,NEUTRAL
WMT,2025-07-16,94.54,95.06,0.5465,NEUTRAL
WMT,2025-07-17,94.48,95.24,0.7992,NEUTRAL
WMT,2025-07-18,94.44,95.07,0.6628,NEUTRAL
WMT,2025-07-21,95.06,95.98,0.9721,NEUTRAL
WMT,2025-07-22,95.24,96.85,1.6901,UP
WMT,2025-07-23,95.07,96.99,2.0171,UP
WMT,2025-07-24,95.98,97.7,1.7909,UP
WMT,2025-07-25,96.85,96.97,0.1231,NEUTRAL
WMT,2025-07-28,96.99,97.35,0.3791,NEUTRAL
WMT,2025-07-29,97.7,97.86,0.1627,NEUTRAL
WMT,2025-07-30,96.97,98.95,2.0494,UP
WMT,2025-07-31,97.35,98.67,1.3574,UP
WMT,2025-08-01,97.86,102.7,4.9447,UP
WMT,2025-08-04,98.95,102.46,3.5445,UP
WMT,2025-08-05,98.67,103.07,4.4507,UP
WMT,2025-08-06,102.7,103.26,0.5515,NEUTRAL
WMT,2025-08-07,102.46,102.96,0.4849,NEUTRAL
WMT,2025-08-08,103.07,100.34,-2.6415,DOWN
WMT,2025-08-11,103.26,100.2,-2.9635,DOWN
WMT,2025-08-12,102.96,99.59,-3.2681,DOWN
WMT,2025-08-13,100.34,100.29,-0.0543,NEUTRAL
WMT,2025-08-14,100.2,100.88,0.6709,NEUTRAL
WMT,2025-08-15,99.59,102.15,2.57,UP
WMT,2025-08-18,100.29,97.56,-2.7209,DOWN
WMT,2025-08-19,100.88,96.44,-4.4032,DOWN
WMT,2025-08-20,102.15,95.68,-6.3371,DOWN
WMT,2025-08-21,97.56,95.66,-1.9498,DOWN
WMT,2025-08-22,96.44,95.69,-0.7746,NEUTRAL
WMT,2025-08-25,95.68,95.72,0.0416,NEUTRAL
WMT,2025-08-26,95.66,96.58,0.9682,NEUTRAL
WMT,2025-08-27,95.69,97.45,1.8422,UP
WMT,2025-08-28,95.72,99.03,3.4648,UP
WMT,2025-08-29,96.58,100.52,4.073,UP
WMT,2025-09-02,97.45,100.1,2.7184,UP
WMT,2025-09-03,99.03,101.86,2.856,UP
WMT,2025-09-04,100.52,101.87,1.3475,UP
WMT,2025-09-05,100.1,100.0,-0.0995,NEUTRAL
WMT,2025-09-08,101.86,102.23,0.3618,NEUTRAL
WMT,2025-09-09,101.87,103.07,1.1731,UP
WMT,2025-09-10,100.0,103.27,3.2666,UP
WMT,2025-09-11,102.23,103.0,0.7501,NEUTRAL
WMT,2025-09-12,103.07,103.84,0.7537,NEUTRAL
WMT,2025-09-15,103.27,103.18,-0.0868,NEUTRAL
WMT,2025-09-16,103.0,101.91,-1.0539,DOWN
WMT,2025-09-17,103.84,102.4,-1.3906,DOWN
WMT,2025-09-18,103.18,102.1,-1.0425,DOWN
WMT,2025-09-19,101.91,102.31,0.3909,NEUTRAL
WMT,2025-09-22,102.4,102.63,0.2237,NEUTRAL
WMT,2025-09-23,102.1,102.74,0.6243,NEUTRAL
WMT,2025-09-24,102.31,102.66,0.3407,NEUTRAL
WMT,2025-09-25,102.63,102.64,0.0097,NEUTRAL
WMT,2025-09-26,102.74,101.54,-1.1632,DOWN
WMT,2025-09-29,102.66,101.29,-1.3388,DOWN
WMT,2025-09-30,102.64,101.65,-0.9606,NEUTRAL
WMT,2025-10-01,101.54,102.28,0.7258,NEUTRAL
WMT,2025-10-02,101.29,102.82,1.5143,UP
WMT,2025-10-03,101.65,102.48,0.8132,NEUTRAL
WMT,2025-10-06,102.28,101.35,-0.9056,NEUTRAL
WMT,2025-10-07,102.82,101.42,-1.3561,DOWN
WMT,2025-10-08,102.48,101.7,-0.758,NEUTRAL
WMT,2025-10-09,101.35,106.77,5.3454,UP
WMT,2025-10-10,101.42,108.59,7.0601,UP
WMT,2025-10-13,101.7,106.04,4.2597,UP
WMT,2025-10-14,106.77,107.29,0.485,NEUTRAL
WMT,2025-10-15,108.59,106.61,-1.816,DOWN
WMT,2025-10-16,106.04,105.79,-0.2348,NEUTRAL
WMT,2025-10-17,107.29,106.7,-0.5477,NEUTRAL
WMT,2025-10-20,106.61,106.42,-0.1775,NEUTRAL
WMT,2025-10-21,105.79,105.74,-0.0471,NEUTRAL
WMT,2025-10-22,106.7,104.04,-2.4921,DOWN
WMT,2025-10-23,106.42,102.75,-3.4531,DOWN
WMT,2025-10-24,105.74,102.04,-3.4944,DOWN
WMT,2025-10-27,104.04,101.81,-2.1442,DOWN
WMT,2025-10-28,102.75,100.77,-1.9289,DOWN
WMT,2025-10-29,102.04,101.18,-0.8491,NEUTRAL
WMT,2025-10-30,101.81,101.85,0.0391,NEUTRAL
WMT,2025-10-31,100.77,101.06,0.2866,NEUTRAL
WMT,2025-11-03,101.18,101.27,0.0886,NEUTRAL
WMT,2025-11-04,101.85,102.17,0.3129,NEUTRAL
WMT,2025-11-05,101.06,102.0,0.9362,NEUTRAL
WMT,2025-11-06,101.27,103.02,1.7309,UP
WMT,2025-11-07,102.17,103.02,0.8286,NEUTRAL
WMT,2025-11-10,102.0,102.12,0.1172,NEUTRAL
WMT,2025-11-11,103.02,102.06,-0.9281,NEUTRAL
WMT,2025-11-12,103.02,102.53,-0.4737,NEUTRAL
WMT,2025-11-13,102.12,100.98,-1.1215,DOWN
WMT,2025-11-14,102.06,100.2,-1.8248,DOWN
WMT,2025-11-17,102.53,106.67,4.0408,UP
WMT,2025-11-18,100.98,104.89,3.8761,UP
WMT,2025-11-19,100.2,103.64,3.4291,UP
WMT,2025-11-20,106.67,106.56,-0.1027,NEUTRAL
WMT,2025-11-21,104.89,108.66,3.5891,UP
WMT,2025-11-24,103.64,110.06,6.1984,UP
WMT,2025-11-25,106.56,111.08,4.2336,UP
WMT,2025-11-26,108.66,111.95,3.0339,UP
WMT,2025-11-28,110.06,113.94,3.5291,UP
WMT,2025-12-01,111.08,114.37,2.9678,UP
WMT,2025-12-02,111.95,114.64,2.4019,UP
WMT,2025-12-03,113.94,113.1,-0.743,NEUTRAL
WMT,2025-12-04,114.37,114.59,0.1916,NEUTRAL
WMT,2025-12-05,114.64,112.72,-1.6767,DOWN
WMT,2025-12-08,113.1,115.05,1.726,UP
WMT,2025-12-09,114.59,116.46,1.6321,UP
WMT,2025-12-10,112.72,116.55,3.4,UP
WMT,2025-12-11,115.05,115.18,0.1171,NEUTRAL
WMT,2025-12-12,116.46,115.42,-0.8912,NEUTRAL
WMT,2025-12-15,116.55,114.59,-1.6782,DOWN
WMT,2025-12-16,115.18,114.13,-0.9184,NEUTRAL
WMT,2025-12-17,115.42,112.37,-2.6457,DOWN
WMT,2025-12-18,114.59,110.67,-3.4225,DOWN
WMT,2025-12-19,114.13,111.38,-2.4047,DOWN
WMT,2025-12-22,112.37,111.51,-0.7638,NEUTRAL
WMT,2025-12-23,110.67,112.3,1.4698,UP
WMT,2025-12-24,111.38,111.69,0.2778,NEUTRAL
WMT,2025-12-26,111.51,111.18,-0.2953,NEUTRAL
WMT,2025-12-29,112.3,112.53,0.2044,NEUTRAL
WMT,2025-12-30,111.69,112.48,0.7059,NEUTRAL
WMT,2025-12-31,111.18,114.11,2.6299,UP
WMT,2026-01-02,112.53,112.49,-0.0355,NEUTRAL
WMT,2026-01-05,112.48,112.84,0.3194,NEUTRAL
WMT,2026-01-06,114.11,114.3,0.1662,NEUTRAL
WMT,2026-01-07,112.49,117.73,4.6576,UP
WMT,2026-01-08,112.84,120.11,6.4473,UP
WMT,2026-01-09,114.3,119.79,4.811,UP
WMT,2026-01-12,117.73,118.96,1.0426,UP
WMT,2026-01-13,120.11,119.45,-0.5484,NEUTRAL
WMT,2026-01-14,119.79,118.47,-1.108,DOWN
WMT,2026-01-15,118.96,119.12,0.1342,NEUTRAL
WMT,2026-01-16,119.45,117.59,-1.5622,DOWN
WMT,2026-01-20,118.47,117.49,-0.8255,NEUTRAL
WMT,2026-01-21,119.12,117.4,-1.441,DOWN
WMT,2026-01-22,117.59,116.7,-0.7553,NEUTRAL
WMT,2026-01-23,117.49,116.33,-0.9853,NEUTRAL
WMT,2026-01-26,117.4,117.17,-0.1955,NEUTRAL
WMT,2026-01-27,116.7,118.9,1.8813,UP
WMT,2026-01-28,116.33,123.81,6.4253,UP
WMT,2026-01-29,117.17,127.45,8.7727,UP
WMT,2026-01-30,118.9,127.74,7.4366,UP
WMT,2026-02-02,123.81,126.68,2.3215,UP
WMT,2026-02-03,127.45,130.91,2.7171,UP
WMT,2026-02-04,127.74,128.76,0.7969,NEUTRAL
WMT,2026-02-05,126.68,126.44,-0.1891,NEUTRAL
WMT,2026-02-06,130.91,128.51,-1.8372,DOWN
WMT,2026-02-09,128.76,133.37,3.5808,UP
WMT,2026-02-10,126.44,133.62,5.6748,UP
WMT,2026-02-11,128.51,128.59,0.0621,NEUTRAL
WMT,2026-02-12,133.37,126.36,-5.2529,DOWN
WMT,2026-02-13,133.62,124.61,-6.7369,DOWN
WMT,2026-02-17,128.59,122.74,-4.5479,DOWN
WMT,2026-02-18,126.36,125.55,-0.6397,NEUTRAL
WMT,2026-02-19,124.61,126.49,1.5056,UP
WMT,2026-02-20,122.74,125.49,2.2441,UP
WMT,2026-02-23,125.55,124.17,-1.1048,DOWN
WMT,2026-02-24,126.49,127.69,0.9467,NEUTRAL
WMT,2026-02-25,125.49,126.84,1.0736,UP
WMT,2026-02-26,124.17,127.65,2.805,UP
WMT,2026-02-27,127.69,127.55,-0.1094,NEUTRAL
WMT,2026-03-02,126.84,123.06,-2.9819,DOWN
WMT,2026-03-03,127.65,123.55,-3.2132,DOWN
WMT,2026-03-04,127.55,124.09,-2.715,DOWN
WMT,2026-03-05,123.06,124.86,1.4678,UP
WMT,2026-03-06,123.55,123.24,-0.2504,NEUTRAL
WMT,2026-03-09,124.09,125.07,0.7962,NEUTRAL
WMT,2026-03-10,124.86,126.26,1.1189,UP
WMT,2026-03-11,123.24,125.73,2.0245,UP
WMT,2026-03-12,125.07,124.82,-0.1995,NEUTRAL
WMT,2026-03-13,126.26,121.73,-3.5884,DOWN
WMT,2026-03-16,125.73,120.84,-3.8892,DOWN
WMT,2026-03-17,124.82,119.02,-4.6496,DOWN
WMT,2026-03-18,121.73,120.72,-0.8298,NEUTRAL
WMT,2026-03-19,120.84,122.05,0.9997,NEUTRAL
WMT,2026-03-20,119.02,123.06,3.3944,UP
WMT,2026-03-23,120.72,122.18,1.2094,UP
WMT,2026-03-24,122.05,122.89,0.6882,NEUTRAL
WMT,2026-03-25,123.06,123.5,0.3576,NEUTRAL
WMT,2026-03-26,122.18,124.28,1.7188,UP
WMT,2026-03-27,122.89,124.74,1.5054,UP
WMT,2026-03-30,123.5,125.79,1.8543,UP
WMT,2026-03-31,124.28,126.79,2.0196,UP
WMT,2026-04-01,124.74,122.49,-1.8038,DOWN
WMT,2026-04-02,125.79,127.26,1.1686,UP
WMT,2026-04-06,126.79,129.13,1.8456,UP
GOOGL,2025-07-01,175.44,176.39,0.5403,NEUTRAL
GOOGL,2025-07-02,178.24,173.97,-2.3959,DOWN
GOOGL,2025-07-03,179.13,176.22,-1.6209,DOWN
GOOGL,2025-07-07,176.39,177.22,0.4695,NEUTRAL
GOOGL,2025-07-08,173.97,179.78,3.3437,UP
GOOGL,2025-07-09,176.22,181.15,2.797,UP
GOOGL,2025-07-10,177.22,181.59,2.4659,UP
GOOGL,2025-07-11,179.78,182.56,1.5428,UP
GOOGL,2025-07-14,181.15,183.17,1.1126,UP
GOOGL,2025-07-15,181.59,184.64,1.6813,UP
GOOGL,2025-07-16,182.56,189.67,3.8968,UP
GOOGL,2025-07-17,183.17,190.91,4.227,UP
GOOGL,2025-07-18,184.64,189.8,2.7937,UP
GOOGL,2025-07-21,189.67,191.74,1.0889,UP
GOOGL,2025-07-22,190.91,192.75,0.9616,NEUTRAL
GOOGL,2025-07-23,189.8,192.15,1.2353,UP
GOOGL,2025-07-24,191.74,195.31,1.8629,UP
GOOGL,2025-07-25,192.75,196.09,1.7341,UP
GOOGL,2025-07-28,192.15,191.47,-0.3531,NEUTRAL
GOOGL,2025-07-29,195.31,188.7,-3.3819,DOWN
GOOGL,2025-07-30,196.09,194.6,-0.7582,NEUTRAL
GOOGL,2025-07-31,191.47,194.23,1.4435,UP
GOOGL,2025-08-01,188.7,195.65,3.68,UP
GOOGL,2025-08-04,194.6,196.08,0.7588,NEUTRAL
GOOGL,2025-08-05,194.23,200.97,3.4674,UP
GOOGL,2025-08-06,195.65,200.55,2.504,UP
GOOGL,2025-08-07,196.08,202.88,3.4704,UP
GOOGL,2025-08-08,200.97,201.51,0.2681,NEUTRAL
GOOGL,2025-08-11,200.55,202.48,0.9652,NEUTRAL
GOOGL,2025-08-12,202.88,203.44,0.2754,NEUTRAL
GOOGL,2025-08-13,201.51,203.04,0.7625,NEUTRAL
GOOGL,2025-08-14,202.48,201.12,-0.6751,NEUTRAL
GOOGL,2025-08-15,203.44,198.87,-2.2462,DOWN
GOOGL,2025-08-18,203.04,199.3,-1.8427,DOWN
GOOGL,2025-08-19,201.12,205.63,2.2424,UP
GOOGL,2025-08-20,198.87,208.02,4.6006,UP
GOOGL,2025-08-21,199.3,206.67,3.6996,UP
GOOGL,2025-08-22,205.63,207.01,0.6745,NEUTRAL
GOOGL,2025-08-25,208.02,211.16,1.5109,UP
GOOGL,2025-08-26,206.67,212.43,2.7856,UP
GOOGL,2025-08-27,207.01,210.87,1.8652,UP
GOOGL,2025-08-28,211.16,230.14,8.987,UP
GOOGL,2025-08-29,212.43,231.78,9.1071,UP
GOOGL,2025-09-02,210.87,234.47,11.19,UP
GOOGL,2025-09-03,230.14,233.72,1.5561,UP
GOOGL,2025-09-04,231.78,239.3,3.2477,UP
GOOGL,2025-09-05,234.47,238.85,1.8655,UP
GOOGL,2025-09-08,233.72,240.04,2.7047,UP
GOOGL,2025-09-09,239.3,240.47,0.4883,NEUTRAL
GOOGL,2025-09-10,238.85,251.27,5.2013,UP
GOOGL,2025-09-11,240.04,250.82,4.4889,UP
GOOGL,2025-09-12,240.47,249.19,3.6254,UP
GOOGL,2025-09-15,251.27,251.69,0.1669,NEUTRAL
GOOGL,2025-09-16,250.82,254.37,1.4174,UP
GOOGL,2025-09-17,249.19,252.19,1.2023,UP
GOOGL,2025-09-18,251.69,251.32,-0.1468,NEUTRAL
GOOGL,2025-09-19,254.37,246.8,-2.9758,DOWN
GOOGL,2025-09-22,252.19,245.46,-2.669,DOWN
GOOGL,2025-09-23,251.32,246.21,-2.0345,DOWN
GOOGL,2025-09-24,246.8,243.72,-1.2503,DOWN
GOOGL,2025-09-25,245.46,242.77,-1.0944,DOWN
GOOGL,2025-09-26,246.21,244.57,-0.6652,NEUTRAL
GOOGL,2025-09-29,243.72,245.36,0.672,NEUTRAL
GOOGL,2025-09-30,242.77,245.02,0.9255,NEUTRAL
GOOGL,2025-10-01,244.57,250.09,2.2581,UP
GOOGL,2025-10-02,245.36,245.43,0.0285,NEUTRAL
GOOGL,2025-10-03,245.02,244.29,-0.2975,NEUTRAL
GOOGL,2025-10-06,250.09,241.2,-3.5539,DOWN
GOOGL,2025-10-07,245.43,236.25,-3.7394,DOWN
GOOGL,2025-10-08,244.29,243.82,-0.1921,NEUTRAL
GOOGL,2025-10-09,241.2,245.12,1.623,UP
GOOGL,2025-10-10,236.25,250.69,6.1124,UP
GOOGL,2025-10-13,243.82,251.12,2.9941,UP
GOOGL,2025-10-14,245.12,252.96,3.1982,UP
GOOGL,2025-10-15,250.69,256.2,2.1989,UP
GOOGL,2025-10-16,251.12,250.12,-0.3977,NEUTRAL
GOOGL,2025-10-17,252.96,251.35,-0.6356,NEUTRAL
GOOGL,2025-10-20,256.2,252.74,-1.3526,DOWN
GOOGL,2025-10-21,250.12,259.57,3.7771,UP
GOOGL,2025-10-22,251.35,268.9,6.9848,UP
GOOGL,2025-10-23,252.74,267.11,5.686,UP
GOOGL,2025-10-24,259.57,274.2,5.6363,UP
GOOGL,2025-10-27,268.9,281.1,4.5345,UP
GOOGL,2025-10-28,267.11,280.81,5.1295,UP
GOOGL,2025-10-29,274.2,283.34,3.3325,UP
GOOGL,2025-10-30,281.1,277.16,-1.3997,DOWN
GOOGL,2025-10-31,280.81,283.92,1.1096,UP
GOOGL,2025-11-03,283.34,284.36,0.363,NEUTRAL
GOOGL,2025-11-04,277.16,278.45,0.4648,NEUTRAL
GOOGL,2025-11-05,283.92,289.71,2.0365,UP
GOOGL,2025-11-06,284.36,290.91,2.3038,UP
GOOGL,2025-11-07,278.45,286.32,2.8261,UP
GOOGL,2025-11-10,289.71,278.19,-3.9745,DOWN
GOOGL,2025-11-11,290.91,276.04,-5.1148,DOWN
GOOGL,2025-11-12,286.32,284.63,-0.5894,NEUTRAL
GOOGL,2025-11-13,278.19,283.89,2.0497,UP
GOOGL,2025-11-14,276.04,292.41,5.9332,UP
GOOGL,2025-11-17,284.63,289.06,1.5543,UP
GOOGL,2025-11-18,283.89,299.25,5.4102,UP
GOOGL,2025-11-19,292.41,318.15,8.8009,UP
GOOGL,2025-11-20,289.06,323.0,11.743,UP
GOOGL,2025-11-21,299.25,319.52,6.771,UP
GOOGL,2025-11-24,318.15,319.75,0.5022,NEUTRAL
GOOGL,2025-11-25,323.0,314.46,-2.6435,DOWN
GOOGL,2025-11-26,319.52,315.38,-1.294,DOWN
GOOGL,2025-11-28,319.75,319.2,-0.1718,NEUTRAL
GOOGL,2025-12-01,314.46,317.19,0.867,NEUTRAL
GOOGL,2025-12-02,315.38,320.83,1.7289,UP
GOOGL,2025-12-03,319.2,313.5,-1.7848,DOWN
GOOGL,2025-12-04,317.19,316.86,-0.1047,NEUTRAL
GOOGL,2025-12-05,320.83,319.98,-0.2647,NEUTRAL
GOOGL,2025-12-08,313.5,312.21,-0.4112,NEUTRAL
GOOGL,2025-12-09,316.86,309.07,-2.4568,DOWN
GOOGL,2025-12-10,319.98,308.0,-3.7444,DOWN
GOOGL,2025-12-11,312.21,306.35,-1.8756,DOWN
GOOGL,2025-12-12,309.07,296.51,-4.0642,DOWN
GOOGL,2025-12-15,308.0,302.25,-1.8688,DOWN
GOOGL,2025-12-16,306.35,306.94,0.1925,NEUTRAL
GOOGL,2025-12-17,296.51,309.56,4.4015,UP
GOOGL,2025-12-18,302.25,314.13,3.9311,UP
GOOGL,2025-12-19,306.94,313.87,2.2561,UP
GOOGL,2025-12-22,309.56,313.29,1.2041,UP
GOOGL,2025-12-23,314.13,313.34,-0.2513,NEUTRAL
GOOGL,2025-12-24,313.87,313.63,-0.0764,NEUTRAL
GOOGL,2025-12-26,313.29,312.78,-0.1627,NEUTRAL
GOOGL,2025-12-29,313.34,314.93,0.5071,NEUTRAL
GOOGL,2025-12-30,313.63,316.32,0.8571,NEUTRAL
GOOGL,2025-12-31,312.78,314.12,0.4281,NEUTRAL
GOOGL,2026-01-02,314.93,321.75,2.1672,UP
GOOGL,2026-01-05,316.32,325.21,2.8116,UP
GOOGL,2026-01-06,314.12,328.34,4.5269,UP
GOOGL,2026-01-07,321.75,331.63,3.0685,UP
GOOGL,2026-01-08,325.21,335.73,3.2356,UP
GOOGL,2026-01-09,328.34,335.6,2.2126,UP
GOOGL,2026-01-12,331.63,332.55,0.2772,NEUTRAL
GOOGL,2026-01-13,335.73,329.77,-1.777,DOWN
GOOGL,2026-01-14,335.6,321.77,-4.121,DOWN
GOOGL,2026-01-15,332.55,328.15,-1.3222,DOWN
GOOGL,2026-01-16,329.77,330.31,0.1636,NEUTRAL
GOOGL,2026-01-20,321.77,327.7,1.8416,UP
GOOGL,2026-01-21,328.15,333.03,1.4861,UP
GOOGL,2026-01-22,330.31,334.31,1.2132,UP
GOOGL,2026-01-23,327.7,335.77,2.4639,UP
GOOGL,2026-01-26,333.03,338.01,1.4973,UP
GOOGL,2026-01-27,334.31,337.76,1.0312,UP
GOOGL,2026-01-28,335.77,343.45,2.2856,UP
GOOGL,2026-01-29,338.01,339.47,0.4316,NEUTRAL
GOOGL,2026-01-30,337.76,332.81,-1.4675,DOWN
GOOGL,2026-02-02,343.45,331.02,-3.6195,DOWN
GOOGL,2026-02-03,339.47,322.63,-4.9601,DOWN
GOOGL,2026-02-04,332.81,324.09,-2.6183,DOWN
GOOGL,2026-02-05,331.02,318.36,-3.8249,DOWN
GOOGL,2026-02-06,322.63,310.74,-3.6858,DOWN
GOOGL,2026-02-09,324.09,308.78,-4.7237,DOWN
GOOGL,2026-02-10,318.36,305.5,-4.0367,DOWN
GOOGL,2026-02-11,310.74,301.81,-2.875,DOWN
GOOGL,2026-02-12,308.78,303.12,-1.835,DOWN
GOOGL,2026-02-13,305.5,302.64,-0.9388,NEUTRAL
GOOGL,2026-02-17,301.81,314.76,4.2911,UP
GOOGL,2026-02-18,303.12,311.27,2.6901,UP
GOOGL,2026-02-19,302.64,310.68,2.6581,UP
GOOGL,2026-02-20,314.76,312.68,-0.6604,NEUTRAL
GOOGL,2026-02-23,311.27,307.16,-1.3195,DOWN
GOOGL,2026-02-24,310.68,311.54,0.2766,NEUTRAL
GOOGL,2026-02-25,312.68,306.3,-2.039,DOWN
GOOGL,2026-02-26,307.16,303.37,-1.2363,DOWN
GOOGL,2026-02-27,311.54,302.92,-2.7682,DOWN
GOOGL,2026-03-02,306.3,300.67,-1.84,DOWN
GOOGL,2026-03-03,303.37,298.31,-1.6668,DOWN
GOOGL,2026-03-04,302.92,306.36,1.1367,UP
GOOGL,2026-03-05,300.67,307.04,2.1192,UP
GOOGL,2026-03-06,298.31,308.7,3.483,UP
GOOGL,2026-03-09,306.36,303.55,-0.9172,NEUTRAL
GOOGL,2026-03-10,307.04,302.28,-1.5503,DOWN
GOOGL,2026-03-11,308.7,305.56,-1.0172,DOWN
GOOGL,2026-03-12,303.55,310.92,2.4279,UP
GOOGL,2026-03-13,302.28,307.69,1.7897,UP
GOOGL,2026-03-16,305.56,307.13,0.5138,NEUTRAL
GOOGL,2026-03-17,310.92,301.0,-3.1905,DOWN
GOOGL,2026-03-18,307.69,302.06,-1.8298,DOWN
GOOGL,2026-03-19,307.13,290.44,-5.4342,DOWN
GOOGL,2026-03-20,301.0,290.93,-3.3455,DOWN
GOOGL,2026-03-23,302.06,280.92,-6.9986,DOWN
GOOGL,2026-03-24,290.44,274.34,-5.5433,DOWN
GOOGL,2026-03-25,290.93,273.5,-5.9911,DOWN
GOOGL,2026-03-26,280.92,287.56,2.3637,UP
GOOGL,2026-03-27,274.34,297.39,8.402,UP
GOOGL,2026-03-30,273.5,295.77,8.1426,UP
GOOGL,2026-03-31,287.56,299.99,4.3226,UP
GOOGL,2026-04-01,297.39,305.46,2.7136,UP
GOOGL,2026-04-02,295.77,317.32,7.2861,UP
GOOGL,2026-04-06,299.99,318.49,6.1669,UP
